110,189;-7,975;105,7
110,189;-7,973;105,8
110,189;-7,971;105,8
110,189;-7,969;106,1
110,189;-7,967;106,3
110,189;-7,965;106
110,189;-7,963;106,2
110,189;-7,961;105,5
110,189;-7,959;105,9
110,189;-7,957;106,5
110,189;-7,955;106,2
110,189;-7,953;106
110,189;-7,951;105,9
110,189;-7,949;106,1
110,189;-7,947;106,1
110,189;-7,945;106,6
110,189;-7,943;106,7
110,189;-7,941;107,1
110,189;-7,939;107,1
110,189;-7,937;107,3
110,189;-7,935;107,7
110,189;-7,933;108,3
110,189;-7,931;108,3
110,189;-7,929;109,1
110,189;-7,927;109,8
110,189;-7,925;110
110,189;-7,923;110,2
110,189;-7,921;110,2
110,189;-7,919;110,7
110,189;-7,917;111,6
110,189;-7,915;112,3
110,189;-7,913;112
110,189;-7,911;112,8
110,189;-7,909;112,9
110,189;-7,907;113,4
110,189;-7,905;113,8
110,189;-7,903;114,6
110,189;-7,901;114,6
110,189;-7,899;115,2
110,189;-7,897;116
110,189;-7,895;117,4
110,189;-7,893;118,1
110,189;-7,891;118,6
110,189;-7,889;117,9
110,189;-7,887;120,3
110,189;-7,885;122,1
110,189;-7,883;123,6
110,189;-7,881;124,5
110,189;-7,879;125,2
110,189;-7,877;123,9
110,189;-7,875;122,8
110,189;-7,873;122,6
110,189;-7,871;122,1
110,189;-7,869;122,1
110,189;-7,867;123
110,189;-7,865;124,4
110,189;-7,863;125,5
110,189;-7,861;126,3
110,189;-7,859;126,3
110,189;-7,857;128,9
110,189;-7,855;127,7
110,189;-7,853;129,4
110,189;-7,851;130,3
110,189;-7,849;130,7
110,189;-7,847;131,8
110,191;-7,975;105,6
110,191;-7,973;105,8
110,191;-7,971;106,3
110,191;-7,969;106,4
110,191;-7,967;106,2
110,191;-7,965;106
110,191;-7,963;105,8
110,191;-7,961;105,4
110,191;-7,959;105,5
110,191;-7,957;106,1
110,191;-7,955;106,4
110,191;-7,953;105,5
110,191;-7,951;105,9
110,191;-7,949;105,7
110,191;-7,947;106
110,191;-7,945;107,4
110,191;-7,943;106,9
110,191;-7,941;107
110,191;-7,939;107,1
110,191;-7,937;106,7
110,191;-7,935;107,7
110,191;-7,933;108,2
110,191;-7,931;108,2
110,191;-7,929;108,7
110,191;-7,927;109,4
110,191;-7,925;110,3
110,191;-7,923;110,6
110,191;-7,921;110,3
110,191;-7,919;110,6
110,191;-7,917;111,4
110,191;-7,915;111,8
110,191;-7,913;111,9
110,191;-7,911;112,9
110,191;-7,909;113,7
110,191;-7,907;113,1
110,191;-7,905;113,8
110,191;-7,903;114,3
110,191;-7,901;114,7
110,191;-7,899;115
110,191;-7,897;115,9
110,191;-7,895;116,8
110,191;-7,893;117,1
110,191;-7,891;118
110,191;-7,889;118,8
110,191;-7,887;119,6
110,191;-7,885;122
110,191;-7,883;123,8
110,191;-7,881;124,9
110,191;-7,879;125,2
110,191;-7,877;123,5
110,191;-7,875;122,3
110,191;-7,873;122,2
110,191;-7,871;121,8
110,191;-7,869;122,6
110,191;-7,867;123,6
110,191;-7,865;123,7
110,191;-7,863;123,8
110,191;-7,861;124,4
110,191;-7,859;125,3
110,191;-7,857;125,2
110,191;-7,855;125,9
110,191;-7,853;125,9
110,191;-7,851;127,3
110,191;-7,849;128,5
110,191;-7,847;129,7
110,193;-7,975;106,1
110,193;-7,973;106,1
110,193;-7,971;106,1
110,193;-7,969;105,8
110,193;-7,967;105,6
110,193;-7,965;106,1
110,193;-7,963;105,3
110,193;-7,961;105,2
110,193;-7,959;105,6
110,193;-7,957;106
110,193;-7,955;105,8
110,193;-7,953;105,9
110,193;-7,951;105,6
110,193;-7,949;106
110,193;-7,947;106,2
110,193;-7,945;106,9
110,193;-7,943;106,7
110,193;-7,941;106,7
110,193;-7,939;106,4
110,193;-7,937;107,2
110,193;-7,935;107,6
110,193;-7,933;107,8
110,193;-7,931;108,2
110,193;-7,929;109,3
110,193;-7,927;109,9
110,193;-7,925;110,3
110,193;-7,923;110,3
110,193;-7,921;109,8
110,193;-7,919;110,4
110,193;-7,917;111,6
110,193;-7,915;112,7
110,193;-7,913;112,8
110,193;-7,911;113,1
110,193;-7,909;113,6
110,193;-7,907;113,7
110,193;-7,905;114
110,193;-7,903;113,9
110,193;-7,901;115,2
110,193;-7,899;115,1
110,193;-7,897;115
110,193;-7,895;116,4
110,193;-7,893;117,1
110,193;-7,891;118,1
110,193;-7,889;121,5
110,193;-7,887;119,7
110,193;-7,885;119,9
110,193;-7,883;122,3
110,193;-7,881;122,9
110,193;-7,879;124,5
110,193;-7,877;124,4
110,193;-7,875;123,5
110,193;-7,873;122,9
110,193;-7,871;122
110,193;-7,869;122,3
110,193;-7,867;122,7
110,193;-7,865;123
110,193;-7,863;124,3
110,193;-7,861;125,1
110,193;-7,859;126,3
110,193;-7,857;126,6
110,193;-7,855;128,2
110,193;-7,853;130,2
110,193;-7,851;129,8
110,193;-7,849;129,1
110,193;-7,847;129
110,195;-7,975;106,2
110,195;-7,973;106,4
110,195;-7,971;105,9
110,195;-7,969;106
110,195;-7,967;106,1
110,195;-7,965;105,5
110,195;-7,963;105,2
110,195;-7,961;105,2
110,195;-7,959;105,8
110,195;-7,957;105,9
110,195;-7,955;105,2
110,195;-7,953;105,4
110,195;-7,951;105,9
110,195;-7,949;107
110,195;-7,947;107,2
110,195;-7,945;106,7
110,195;-7,943;107,3
110,195;-7,941;107
110,195;-7,939;107,1
110,195;-7,937;107,1
110,195;-7,935;107,2
110,195;-7,933;108
110,195;-7,931;108,5
110,195;-7,929;108,8
110,195;-7,927;109,4
110,195;-7,925;110,1
110,195;-7,923;110,2
110,195;-7,921;110
110,195;-7,919;110,7
110,195;-7,917;111,4
110,195;-7,915;112,4
110,195;-7,913;113,6
110,195;-7,911;114,6
110,195;-7,909;114,5
110,195;-7,907;113,9
110,195;-7,905;114,4
110,195;-7,903;113,7
110,195;-7,901;114,5
110,195;-7,899;114,6
110,195;-7,897;114,9
110,195;-7,895;116,3
110,195;-7,893;117,1
110,195;-7,891;118,1
110,195;-7,889;120,4
110,195;-7,887;121,3
110,195;-7,885;122,7
110,195;-7,883;124,1
110,195;-7,881;124,9
110,195;-7,879;124,6
110,195;-7,877;124,5
110,195;-7,875;124,3
110,195;-7,873;123,4
110,195;-7,871;122,2
110,195;-7,869;122
110,195;-7,867;122,1
110,195;-7,865;122,7
110,195;-7,863;124,5
110,195;-7,861;125,9
110,195;-7,859;127
110,195;-7,857;129
110,195;-7,855;128,4
110,195;-7,853;129,9
110,195;-7,851;130,9
110,195;-7,849;131,4
110,195;-7,847;131,1
110,197;-7,975;106
110,197;-7,973;106,1
110,197;-7,971;105,8
110,197;-7,969;106
110,197;-7,967;105,9
110,197;-7,965;105,2
110,197;-7,963;105,3
110,197;-7,961;105,7
110,197;-7,959;105,3
110,197;-7,957;105,1
110,197;-7,955;105,2
110,197;-7,953;105,7
110,197;-7,951;106,6
110,197;-7,949;106,8
110,197;-7,947;107,1
110,197;-7,945;106,8
110,197;-7,943;107,3
110,197;-7,941;107,7
110,197;-7,939;106,9
110,197;-7,937;107,3
110,197;-7,935;107,2
110,197;-7,933;108
110,197;-7,931;108,7
110,197;-7,929;109,1
110,197;-7,927;109,6
110,197;-7,925;110
110,197;-7,923;109,9
110,197;-7,921;109,6
110,197;-7,919;110,7
110,197;-7,917;111,6
110,197;-7,915;112
110,197;-7,913;113,8
110,197;-7,911;115,4
110,197;-7,909;114,3
110,197;-7,907;113,8
110,197;-7,905;114,1
110,197;-7,903;114,2
110,197;-7,901;113,9
110,197;-7,899;114,4
110,197;-7,897;115,7
110,197;-7,895;116,6
110,197;-7,893;117,3
110,197;-7,891;118,1
110,197;-7,889;119,5
110,197;-7,887;120,5
110,197;-7,885;121,8
110,197;-7,883;123,2
110,197;-7,881;123,7
110,197;-7,879;123,1
110,197;-7,877;122,6
110,197;-7,875;123,2
110,197;-7,873;122,6
110,197;-7,871;121,8
110,197;-7,869;122
110,197;-7,867;122,4
110,197;-7,865;123
110,197;-7,863;123,8
110,197;-7,861;125,7
110,197;-7,859;127,2
110,197;-7,857;128
110,197;-7,855;130
110,197;-7,853;129,9
110,197;-7,851;129,4
110,197;-7,849;130,6
110,197;-7,847;127,4
110,199;-7,975;105,5
110,199;-7,973;105,7
110,199;-7,971;105,6
110,199;-7,969;106,1
110,199;-7,967;105,5
110,199;-7,965;105
110,199;-7,963;105,3
110,199;-7,961;105,7
110,199;-7,959;105,5
110,199;-7,957;104,9
110,199;-7,955;105,3
110,199;-7,953;105,5
110,199;-7,951;106,5
110,199;-7,949;106,7
110,199;-7,947;107,1
110,199;-7,945;106,3
110,199;-7,943;106,8
110,199;-7,941;107,5
110,199;-7,939;106,6
110,199;-7,937;108,1
110,199;-7,935;107,6
110,199;-7,933;107,7
110,199;-7,931;108,5
110,199;-7,929;109,3
110,199;-7,927;109,6
110,199;-7,925;109,9
110,199;-7,923;109,8
110,199;-7,921;109,5
110,199;-7,919;110,5
110,199;-7,917;111,8
110,199;-7,915;112,4
110,199;-7,913;113,7
110,199;-7,911;114,5
110,199;-7,909;113,6
110,199;-7,907;113,7
110,199;-7,905;114,2
110,199;-7,903;114,4
110,199;-7,901;114,1
110,199;-7,899;114,4
110,199;-7,897;115,6
110,199;-7,895;116,3
110,199;-7,893;117,3
110,199;-7,891;119
110,199;-7,889;120,2
110,199;-7,887;122,4
110,199;-7,885;122,7
110,199;-7,883;123,7
110,199;-7,881;123,4
110,199;-7,879;122
110,199;-7,877;121,7
110,199;-7,875;121,7
110,199;-7,873;121,7
110,199;-7,871;122,2
110,199;-7,869;122,5
110,199;-7,867;122,1
110,199;-7,865;122,5
110,199;-7,863;124,3
110,199;-7,861;126,5
110,199;-7,859;126,6
110,199;-7,857;127,5
110,199;-7,855;129,2
110,199;-7,853;127,8
110,199;-7,851;129,5
110,199;-7,849;127,4
110,199;-7,847;126,7
110,201;-7,975;105,5
110,201;-7,973;105,4
110,201;-7,971;105,4
110,201;-7,969;105,2
110,201;-7,967;105,2
110,201;-7,965;105
110,201;-7,963;105,1
110,201;-7,961;105,2
110,201;-7,959;105,4
110,201;-7,957;105,5
110,201;-7,955;106
110,201;-7,953;105,1
110,201;-7,951;106,3
110,201;-7,949;106,8
110,201;-7,947;106,6
110,201;-7,945;106,5
110,201;-7,943;107
110,201;-7,941;107,1
110,201;-7,939;107,3
110,201;-7,937;108
110,201;-7,935;107,5
110,201;-7,933;107,9
110,201;-7,931;108,6
110,201;-7,929;109
110,201;-7,927;109,5
110,201;-7,925;109,6
110,201;-7,923;109,2
110,201;-7,921;110,3
110,201;-7,919;111,6
110,201;-7,917;111,5
110,201;-7,915;113,3
110,201;-7,913;114,1
110,201;-7,911;113,4
110,201;-7,909;112,8
110,201;-7,907;113
110,201;-7,905;113,4
110,201;-7,903;114,8
110,201;-7,901;114,7
110,201;-7,899;115,3
110,201;-7,897;115,4
110,201;-7,895;116,2
110,201;-7,893;117,2
110,201;-7,891;118,6
110,201;-7,889;120,1
110,201;-7,887;122,4
110,201;-7,885;123,1
110,201;-7,883;121,7
110,201;-7,881;122,3
110,201;-7,879;121,9
110,201;-7,877;120,7
110,201;-7,875;120,5
110,201;-7,873;121,1
110,201;-7,871;121,5
110,201;-7,869;121,6
110,201;-7,867;122
110,201;-7,865;123,2
110,201;-7,863;124,3
110,201;-7,861;125,2
110,201;-7,859;126,5
110,201;-7,857;127,4
110,201;-7,855;127,8
110,201;-7,853;127,6
110,201;-7,851;128,6
110,201;-7,849;125,8
110,201;-7,847;125,8
110,203;-7,975;105,7
110,203;-7,973;105,6
110,203;-7,971;105,8
110,203;-7,969;105,7
110,203;-7,967;105,1
110,203;-7,965;105,1
110,203;-7,963;104,9
110,203;-7,961;104,9
110,203;-7,959;105,2
110,203;-7,957;106
110,203;-7,955;105,9
110,203;-7,953;105,1
110,203;-7,951;105,6
110,203;-7,949;106,4
110,203;-7,947;106,4
110,203;-7,945;106,5
110,203;-7,943;106,4
110,203;-7,941;106,2
110,203;-7,939;107,1
110,203;-7,937;107,5
110,203;-7,935;108,1
110,203;-7,933;108,2
110,203;-7,931;108,3
110,203;-7,929;109,1
110,203;-7,927;109,1
110,203;-7,925;108,7
110,203;-7,923;109,3
110,203;-7,921;111
110,203;-7,919;111,2
110,203;-7,917;111,7
110,203;-7,915;114,1
110,203;-7,913;113,9
110,203;-7,911;114,1
110,203;-7,909;113,3
110,203;-7,907;113,4
110,203;-7,905;113,8
110,203;-7,903;115
110,203;-7,901;114,5
110,203;-7,899;115,4
110,203;-7,897;115,9
110,203;-7,895;116
110,203;-7,893;117,1
110,203;-7,891;117,9
110,203;-7,889;119,8
110,203;-7,887;121,7
110,203;-7,885;121
110,203;-7,883;120,8
110,203;-7,881;120,6
110,203;-7,879;121,1
110,203;-7,877;120,7
110,203;-7,875;120,4
110,203;-7,873;120,6
110,203;-7,871;120,8
110,203;-7,869;121,5
110,203;-7,867;122
110,203;-7,865;123,4
110,203;-7,863;125
110,203;-7,861;125,5
110,203;-7,859;127,3
110,203;-7,857;128
110,203;-7,855;127,4
110,203;-7,853;125,2
110,203;-7,851;127,3
110,203;-7,849;125,9
110,203;-7,847;125,7
110,205;-7,975;105,4
110,205;-7,973;105,5
110,205;-7,971;105,6
110,205;-7,969;105,3
110,205;-7,967;105
110,205;-7,965;104,9
110,205;-7,963;105,1
110,205;-7,961;105,3
110,205;-7,959;105,1
110,205;-7,957;105,2
110,205;-7,955;106,1
110,205;-7,953;105,8
110,205;-7,951;105,3
110,205;-7,949;106,5
110,205;-7,947;106,5
110,205;-7,945;107,2
110,205;-7,943;106,4
110,205;-7,941;106,4
110,205;-7,939;107,2
110,205;-7,937;107,8
110,205;-7,935;107
110,205;-7,933;107,1
110,205;-7,931;108,3
110,205;-7,929;108,4
110,205;-7,927;108,2
110,205;-7,925;108,4
110,205;-7,923;109,5
110,205;-7,921;111,4
110,205;-7,919;111,9
110,205;-7,917;112
110,205;-7,915;112,5
110,205;-7,913;113,7
110,205;-7,911;114,4
110,205;-7,909;112,8
110,205;-7,907;113,1
110,205;-7,905;113,5
110,205;-7,903;114,6
110,205;-7,901;114,8
110,205;-7,899;114,9
110,205;-7,897;116,3
110,205;-7,895;116,9
110,205;-7,893;118
110,205;-7,891;118,7
110,205;-7,889;119,2
110,205;-7,887;120,5
110,205;-7,885;120,2
110,205;-7,883;119,3
110,205;-7,881;119,5
110,205;-7,879;120,3
110,205;-7,877;120,4
110,205;-7,875;120,3
110,205;-7,873;120,6
110,205;-7,871;121,2
110,205;-7,869;121,3
110,205;-7,867;121,9
110,205;-7,865;122,6
110,205;-7,863;123,3
110,205;-7,861;125
110,205;-7,859;125,8
110,205;-7,857;126,8
110,205;-7,855;125,8
110,205;-7,853;124,3
110,205;-7,851;125
110,205;-7,849;124,7
110,205;-7,847;125,3
110,207;-7,975;105,8
110,207;-7,973;105,7
110,207;-7,971;105,4
110,207;-7,969;105,2
110,207;-7,967;105,2
110,207;-7,965;105,3
110,207;-7,963;105,7
110,207;-7,961;105,4
110,207;-7,959;104,6
110,207;-7,957;104,9
110,207;-7,955;105,2
110,207;-7,953;105,4
110,207;-7,951;105,4
110,207;-7,949;106,5
110,207;-7,947;106,8
110,207;-7,945;105,8
110,207;-7,943;105,9
110,207;-7,941;106
110,207;-7,939;106,5
110,207;-7,937;107,4
110,207;-7,935;107,8
110,207;-7,933;107
110,207;-7,931;107,9
110,207;-7,929;108,7
110,207;-7,927;108,3
110,207;-7,925;109
110,207;-7,923;110
110,207;-7,921;111
110,207;-7,919;111,9
110,207;-7,917;112,7
110,207;-7,915;114,1
110,207;-7,913;113,7
110,207;-7,911;113,2
110,207;-7,909;112,9
110,207;-7,907;113,1
110,207;-7,905;114
110,207;-7,903;114,3
110,207;-7,901;115
110,207;-7,899;115
110,207;-7,897;115,7
110,207;-7,895;116,3
110,207;-7,893;118
110,207;-7,891;118,9
110,207;-7,889;120
110,207;-7,887;119,5
110,207;-7,885;119,6
110,207;-7,883;120
110,207;-7,881;119,9
110,207;-7,879;119,5
110,207;-7,877;119,8
110,207;-7,875;120,2
110,207;-7,873;120,7
110,207;-7,871;121,2
110,207;-7,869;121,6
110,207;-7,867;122,3
110,207;-7,865;123,2
110,207;-7,863;123,7
110,207;-7,861;125,2
110,207;-7,859;126,3
110,207;-7,857;126,3
110,207;-7,855;125,7
110,207;-7,853;124,2
110,207;-7,851;126,1
110,207;-7,849;125,4
110,207;-7,847;124,9
110,209;-7,975;105,7
110,209;-7,973;105,6
110,209;-7,971;105,3
110,209;-7,969;105,3
110,209;-7,967;105,2
110,209;-7,965;105
110,209;-7,963;105
110,209;-7,961;104,9
110,209;-7,959;104,8
110,209;-7,957;105,2
110,209;-7,955;105,2
110,209;-7,953;105,7
110,209;-7,951;105,7
110,209;-7,949;106,7
110,209;-7,947;106,3
110,209;-7,945;106,5
110,209;-7,943;106,4
110,209;-7,941;106
110,209;-7,939;106,4
110,209;-7,937;106,9
110,209;-7,935;107,6
110,209;-7,933;107
110,209;-7,931;107,9
110,209;-7,929;108,5
110,209;-7,927;109,3
110,209;-7,925;110,4
110,209;-7,923;111,1
110,209;-7,921;111,8
110,209;-7,919;112,8
110,209;-7,917;114,1
110,209;-7,915;115,2
110,209;-7,913;114,5
110,209;-7,911;114
110,209;-7,909;113,6
110,209;-7,907;112,9
110,209;-7,905;114
110,209;-7,903;114,8
110,209;-7,901;115,6
110,209;-7,899;116
110,209;-7,897;116,1
110,209;-7,895;116,7
110,209;-7,893;116,1
110,209;-7,891;117,9
110,209;-7,889;118,9
110,209;-7,887;118,1
110,209;-7,885;118,3
110,209;-7,883;118,8
110,209;-7,881;119
110,209;-7,879;119,3
110,209;-7,877;119,7
110,209;-7,875;120,1
110,209;-7,873;120,4
110,209;-7,871;121,3
110,209;-7,869;122,2
110,209;-7,867;122,8
110,209;-7,865;123,3
110,209;-7,863;124,3
110,209;-7,861;124,9
110,209;-7,859;124,2
110,209;-7,857;124,2
110,209;-7,855;124,1
110,209;-7,853;124
110,209;-7,851;125,2
110,209;-7,849;127,1
110,209;-7,847;125,1
110,211;-7,975;106,1
110,211;-7,973;105,5
110,211;-7,971;105,3
110,211;-7,969;105,2
110,211;-7,967;104,8
110,211;-7,965;105,3
110,211;-7,963;105,2
110,211;-7,961;104,8
110,211;-7,959;105,1
110,211;-7,957;105,9
110,211;-7,955;106,2
110,211;-7,953;106,2
110,211;-7,951;105,5
110,211;-7,949;106,1
110,211;-7,947;106,7
110,211;-7,945;106,7
110,211;-7,943;106,9
110,211;-7,941;106,4
110,211;-7,939;107
110,211;-7,937;106,6
110,211;-7,935;106,8
110,211;-7,933;107,6
110,211;-7,931;108,1
110,211;-7,929;108,3
110,211;-7,927;109,4
110,211;-7,925;109,7
110,211;-7,923;110,3
110,211;-7,921;111,8
110,211;-7,919;112,6
110,211;-7,917;114,1
110,211;-7,915;115,1
110,211;-7,913;113,7
110,211;-7,911;113,4
110,211;-7,909;113,5
110,211;-7,907;113,5
110,211;-7,905;113,5
110,211;-7,903;114,4
110,211;-7,901;115,7
110,211;-7,899;116,2
110,211;-7,897;116,4
110,211;-7,895;117,7
110,211;-7,893;117,1
110,211;-7,891;118
110,211;-7,889;117,7
110,211;-7,887;117,5
110,211;-7,885;118
110,211;-7,883;118,5
110,211;-7,881;118,9
110,211;-7,879;119,3
110,211;-7,877;119,5
110,211;-7,875;119,8
110,211;-7,873;120,4
110,211;-7,871;121
110,211;-7,869;121,7
110,211;-7,867;122,6
110,211;-7,865;122,3
110,211;-7,863;123,1
110,211;-7,861;123,2
110,211;-7,859;123,3
110,211;-7,857;123
110,211;-7,855;123,7
110,211;-7,853;124,9
110,211;-7,851;124
110,211;-7,849;127
110,211;-7,847;127
110,213;-7,975;105,5
110,213;-7,973;105,4
110,213;-7,971;105,7
110,213;-7,969;106
110,213;-7,967;105,2
110,213;-7,965;105,2
110,213;-7,963;104,9
110,213;-7,961;104,9
110,213;-7,959;106
110,213;-7,957;106,2
110,213;-7,955;106,1
110,213;-7,953;106,2
110,213;-7,951;106,3
110,213;-7,949;106,2
110,213;-7,947;106,6
110,213;-7,945;106,7
110,213;-7,943;106,6
110,213;-7,941;106,6
110,213;-7,939;106,8
110,213;-7,937;106,4
110,213;-7,935;106,4
110,213;-7,933;107,1
110,213;-7,931;107,7
110,213;-7,929;107,8
110,213;-7,927;108,5
110,213;-7,925;109,7
110,213;-7,923;110,6
110,213;-7,921;111,9
110,213;-7,919;113,5
110,213;-7,917;114,7
110,213;-7,915;114,7
110,213;-7,913;113,8
110,213;-7,911;114
110,213;-7,909;114,4
110,213;-7,907;113,8
110,213;-7,905;113,8
110,213;-7,903;114,2
110,213;-7,901;114,9
110,213;-7,899;115,5
110,213;-7,897;115,9
110,213;-7,895;117,1
110,213;-7,893;117,6
110,213;-7,891;117,3
110,213;-7,889;117,2
110,213;-7,887;117,7
110,213;-7,885;118,1
110,213;-7,883;118,4
110,213;-7,881;118,7
110,213;-7,879;119,1
110,213;-7,877;119,5
110,213;-7,875;119,8
110,213;-7,873;120,4
110,213;-7,871;121,2
110,213;-7,869;121,6
110,213;-7,867;121,9
110,213;-7,865;122,2
110,213;-7,863;122,5
110,213;-7,861;122,7
110,213;-7,859;123,2
110,213;-7,857;123,4
110,213;-7,855;125,6
110,213;-7,853;125,6
110,213;-7,851;125,3
110,213;-7,849;124,7
110,213;-7,847;127
110,215;-7,975;105,2
110,215;-7,973;105,8
110,215;-7,971;106,4
110,215;-7,969;106,1
110,215;-7,967;105,8
110,215;-7,965;105,7
110,215;-7,963;105,2
110,215;-7,961;104,9
110,215;-7,959;105,2
110,215;-7,957;105,4
110,215;-7,955;105,6
110,215;-7,953;105,4
110,215;-7,951;105,6
110,215;-7,949;106,5
110,215;-7,947;106
110,215;-7,945;106,7
110,215;-7,943;106,7
110,215;-7,941;106,8
110,215;-7,939;106,2
110,215;-7,937;106,3
110,215;-7,935;106,3
110,215;-7,933;106,5
110,215;-7,931;107,1
110,215;-7,929;108,2
110,215;-7,927;108,8
110,215;-7,925;109,8
110,215;-7,923;111,2
110,215;-7,921;112,4
110,215;-7,919;113,8
110,215;-7,917;114,8
110,215;-7,915;114,4
110,215;-7,913;114,1
110,215;-7,911;114,6
110,215;-7,909;114,3
110,215;-7,907;113,4
110,215;-7,905;113,9
110,215;-7,903;115
110,215;-7,901;114,7
110,215;-7,899;115,8
110,215;-7,897;115,6
110,215;-7,895;116,7
110,215;-7,893;117,8
110,215;-7,891;116,9
110,215;-7,889;116,9
110,215;-7,887;117,4
110,215;-7,885;117,9
110,215;-7,883;118,2
110,215;-7,881;118,6
110,215;-7,879;119,2
110,215;-7,877;119,5
110,215;-7,875;119,8
110,215;-7,873;120,8
110,215;-7,871;121,2
110,215;-7,869;121,6
110,215;-7,867;121,5
110,215;-7,865;121,9
110,215;-7,863;122,6
110,215;-7,861;122,6
110,215;-7,859;123,1
110,215;-7,857;123,8
110,215;-7,855;125,1
110,215;-7,853;125,9
110,215;-7,851;127,5
110,215;-7,849;126,3
110,215;-7,847;125,8
110,217;-7,975;105,7
110,217;-7,973;105,4
110,217;-7,971;105,8
110,217;-7,969;106,1
110,217;-7,967;105,9
110,217;-7,965;105,6
110,217;-7,963;105,6
110,217;-7,961;105,5
110,217;-7,959;105
110,217;-7,957;104,8
110,217;-7,955;105
110,217;-7,953;105,7
110,217;-7,951;105,9
110,217;-7,949;106,1
110,217;-7,947;106,2
110,217;-7,945;106,4
110,217;-7,943;106,7
110,217;-7,941;107
110,217;-7,939;106
110,217;-7,937;106,2
110,217;-7,935;106,6
110,217;-7,933;107,7
110,217;-7,931;107,8
110,217;-7,929;108,3
110,217;-7,927;109,5
110,217;-7,925;109,9
110,217;-7,923;110,8
110,217;-7,921;112,5
110,217;-7,919;113,8
110,217;-7,917;115
110,217;-7,915;115,5
110,217;-7,913;115,1
110,217;-7,911;114,6
110,217;-7,909;115
110,217;-7,907;114,1
110,217;-7,905;114,2
110,217;-7,903;115,2
110,217;-7,901;115,7
110,217;-7,899;116,5
110,217;-7,897;116,3
110,217;-7,895;117
110,217;-7,893;117,1
110,217;-7,891;116,5
110,217;-7,889;116,8
110,217;-7,887;117,2
110,217;-7,885;117,6
110,217;-7,883;118
110,217;-7,881;118,5
110,217;-7,879;118,9
110,217;-7,877;119,3
110,217;-7,875;119,8
110,217;-7,873;120,1
110,217;-7,871;120,3
110,217;-7,869;120,9
110,217;-7,867;121
110,217;-7,865;121,3
110,217;-7,863;121,9
110,217;-7,861;123,4
110,217;-7,859;124,3
110,217;-7,857;125,1
110,217;-7,855;123,8
110,217;-7,853;126,6
110,217;-7,851;127,3
110,217;-7,849;126,8
110,217;-7,847;125,8
110,219;-7,975;105,9
110,219;-7,973;105,3
110,219;-7,971;105,2
110,219;-7,969;105,3
110,219;-7,967;105,3
110,219;-7,965;106,1
110,219;-7,963;105,9
110,219;-7,961;105,7
110,219;-7,959;105,9
110,219;-7,957;105,5
110,219;-7,955;105,7
110,219;-7,953;105,6
110,219;-7,951;105,3
110,219;-7,949;105,9
110,219;-7,947;106,3
110,219;-7,945;106
110,219;-7,943;106,7
110,219;-7,941;107,1
110,219;-7,939;106
110,219;-7,937;106,1
110,219;-7,935;106,4
110,219;-7,933;107,9
110,219;-7,931;107,8
110,219;-7,929;107,6
110,219;-7,927;108,2
110,219;-7,925;109,9
110,219;-7,923;111,7
110,219;-7,921;113
110,219;-7,919;114,4
110,219;-7,917;115,6
110,219;-7,915;116,3
110,219;-7,913;115,4
110,219;-7,911;115,8
110,219;-7,909;115,6
110,219;-7,907;115,1
110,219;-7,905;114,4
110,219;-7,903;115,4
110,219;-7,901;116,2
110,219;-7,899;117,3
110,219;-7,897;117
110,219;-7,895;116,7
110,219;-7,893;116,4
110,219;-7,891;116,4
110,219;-7,889;116,7
110,219;-7,887;117,1
110,219;-7,885;117,4
110,219;-7,883;117,8
110,219;-7,881;118,2
110,219;-7,879;118,5
110,219;-7,877;118,9
110,219;-7,875;119,5
110,219;-7,873;119,8
110,219;-7,871;120,3
110,219;-7,869;120,5
110,219;-7,867;120,8
110,219;-7,865;122,1
110,219;-7,863;122,8
110,219;-7,861;123,4
110,219;-7,859;124,3
110,219;-7,857;126,2
110,219;-7,855;126,2
110,219;-7,853;126,3
110,219;-7,851;125,8
110,219;-7,849;125,4
110,219;-7,847;126,1
110,221;-7,975;105,6
110,221;-7,973;105,6
110,221;-7,971;105,5
110,221;-7,969;105,1
110,221;-7,967;104,9
110,221;-7,965;105,5
110,221;-7,963;106,2
110,221;-7,961;106
110,221;-7,959;106
110,221;-7,957;106,2
110,221;-7,955;105,9
110,221;-7,953;105,1
110,221;-7,951;105,5
110,221;-7,949;105,8
110,221;-7,947;106,1
110,221;-7,945;106,4
110,221;-7,943;106,3
110,221;-7,941;106,9
110,221;-7,939;106,7
110,221;-7,937;106,5
110,221;-7,935;106,9
110,221;-7,933;107,7
110,221;-7,931;107,7
110,221;-7,929;107,2
110,221;-7,927;108,5
110,221;-7,925;110,4
110,221;-7,923;112
110,221;-7,921;113,2
110,221;-7,919;113,9
110,221;-7,917;115,4
110,221;-7,915;116,3
110,221;-7,913;116,1
110,221;-7,911;117
110,221;-7,909;116,6
110,221;-7,907;115,4
110,221;-7,905;115,1
110,221;-7,903;116,1
110,221;-7,901;116,3
110,221;-7,899;117,2
110,221;-7,897;117,1
110,221;-7,895;116,2
110,221;-7,893;116,4
110,221;-7,891;116,4
110,221;-7,889;116,6
110,221;-7,887;116,9
110,221;-7,885;117,3
110,221;-7,883;117,5
110,221;-7,881;117,9
110,221;-7,879;118,4
110,221;-7,877;118,8
110,221;-7,875;119,2
110,221;-7,873;119,9
110,221;-7,871;120,5
110,221;-7,869;120,6
110,221;-7,867;121,5
110,221;-7,865;122,7
110,221;-7,863;123,5
110,221;-7,861;124,6
110,221;-7,859;124,7
110,221;-7,857;125,3
110,221;-7,855;126,7
110,221;-7,853;126,2
110,221;-7,851;125
110,221;-7,849;125,2
110,221;-7,847;125,9
110,223;-7,975;105,9
110,223;-7,973;105,2
110,223;-7,971;105,5
110,223;-7,969;105,4
110,223;-7,967;105
110,223;-7,965;104,9
110,223;-7,963;105,4
110,223;-7,961;105,6
110,223;-7,959;105,4
110,223;-7,957;106
110,223;-7,955;105,6
110,223;-7,953;105,6
110,223;-7,951;106,1
110,223;-7,949;106
110,223;-7,947;105,7
110,223;-7,945;105,8
110,223;-7,943;106,1
110,223;-7,941;106
110,223;-7,939;107,1
110,223;-7,937;107,1
110,223;-7,935;107,6
110,223;-7,933;107,5
110,223;-7,931;107
110,223;-7,929;107,4
110,223;-7,927;108,7
110,223;-7,925;110
110,223;-7,923;111,7
110,223;-7,921;113
110,223;-7,919;112,8
110,223;-7,917;114,6
110,223;-7,915;115,9
110,223;-7,913;116,3
110,223;-7,911;116,9
110,223;-7,909;116,6
110,223;-7,907;115,3
110,223;-7,905;116,1
110,223;-7,903;116,9
110,223;-7,901;117
110,223;-7,899;117
110,223;-7,897;117
110,223;-7,895;116,5
110,223;-7,893;116,1
110,223;-7,891;116,2
110,223;-7,889;116,4
110,223;-7,887;116,8
110,223;-7,885;117
110,223;-7,883;117,4
110,223;-7,881;117,7
110,223;-7,879;118,2
110,223;-7,877;118,7
110,223;-7,875;119,1
110,223;-7,873;119,7
110,223;-7,871;120,3
110,223;-7,869;120,9
110,223;-7,867;121,7
110,223;-7,865;122,3
110,223;-7,863;123,2
110,223;-7,861;124,6
110,223;-7,859;125
110,223;-7,857;126
110,223;-7,855;126,9
110,223;-7,853;125,5
110,223;-7,851;124,7
110,223;-7,849;125,5
110,223;-7,847;125,8
110,225;-7,975;106,6
110,225;-7,973;105,8
110,225;-7,971;105,5
110,225;-7,969;105,1
110,225;-7,967;105,1
110,225;-7,965;104,7
110,225;-7,963;104,8
110,225;-7,961;105
110,225;-7,959;105,2
110,225;-7,957;106
110,225;-7,955;105,7
110,225;-7,953;105,8
110,225;-7,951;105,9
110,225;-7,949;106,1
110,225;-7,947;106
110,225;-7,945;105,7
110,225;-7,943;106,4
110,225;-7,941;105,5
110,225;-7,939;106,7
110,225;-7,937;107,4
110,225;-7,935;107,7
110,225;-7,933;107,1
110,225;-7,931;106,8
110,225;-7,929;107,4
110,225;-7,927;108,5
110,225;-7,925;109,8
110,225;-7,923;111,8
110,225;-7,921;112,3
110,225;-7,919;111,9
110,225;-7,917;113,8
110,225;-7,915;114,7
110,225;-7,913;114,4
110,225;-7,911;116,1
110,225;-7,909;116,1
110,225;-7,907;115,4
110,225;-7,905;116,9
110,225;-7,903;117,8
110,225;-7,901;117,7
110,225;-7,899;117,5
110,225;-7,897;116,9
110,225;-7,895;116,6
110,225;-7,893;116,1
110,225;-7,891;115,8
110,225;-7,889;116,1
110,225;-7,887;116,4
110,225;-7,885;116,7
110,225;-7,883;117,1
110,225;-7,881;117,7
110,225;-7,879;118
110,225;-7,877;118,5
110,225;-7,875;118,9
110,225;-7,873;119,2
110,225;-7,871;120
110,225;-7,869;120,8
110,225;-7,867;121,9
110,225;-7,865;122,8
110,225;-7,863;123,5
110,225;-7,861;124,8
110,225;-7,859;125,3
110,225;-7,857;125,9
110,225;-7,855;127,1
110,225;-7,853;125,1
110,225;-7,851;124,4
110,225;-7,849;125,3
110,225;-7,847;125,2
110,227;-7,975;106,6
110,227;-7,973;106,6
110,227;-7,971;105,8
110,227;-7,969;105,2
110,227;-7,967;104,9
110,227;-7,965;104,8
110,227;-7,963;104,8
110,227;-7,961;104,8
110,227;-7,959;104,9
110,227;-7,957;105,9
110,227;-7,955;105,9
110,227;-7,953;105,7
110,227;-7,951;105,9
110,227;-7,949;106,2
110,227;-7,947;106,2
110,227;-7,945;106,4
110,227;-7,943;106,6
110,227;-7,941;106,2
110,227;-7,939;106,6
110,227;-7,937;107,3
110,227;-7,935;107,6
110,227;-7,933;107,1
110,227;-7,931;106,9
110,227;-7,929;107,2
110,227;-7,927;108,8
110,227;-7,925;110,5
110,227;-7,923;111,8
110,227;-7,921;111,6
110,227;-7,919;110,6
110,227;-7,917;112,5
110,227;-7,915;112,8
110,227;-7,913;113,9
110,227;-7,911;116,1
110,227;-7,909;116,9
110,227;-7,907;116
110,227;-7,905;117
110,227;-7,903;118
110,227;-7,901;118,4
110,227;-7,899;118,3
110,227;-7,897;117,3
110,227;-7,895;116,3
110,227;-7,893;116,1
110,227;-7,891;115,7
110,227;-7,889;115,9
110,227;-7,887;116,2
110,227;-7,885;116,6
110,227;-7,883;117,1
110,227;-7,881;117,6
110,227;-7,879;117,9
110,227;-7,877;118,3
110,227;-7,875;118,8
110,227;-7,873;119,5
110,227;-7,871;120,2
110,227;-7,869;120,9
110,227;-7,867;122
110,227;-7,865;123,6
110,227;-7,863;124,2
110,227;-7,861;125,7
110,227;-7,859;126,3
110,227;-7,857;125,8
110,227;-7,855;126,5
110,227;-7,853;124,6
110,227;-7,851;124
110,227;-7,849;124,5
110,227;-7,847;124,6
110,229;-7,975;106,2
110,229;-7,973;106,3
110,229;-7,971;106,3
110,229;-7,969;105,8
110,229;-7,967;105,3
110,229;-7,965;104,9
110,229;-7,963;104,7
110,229;-7,961;104,7
110,229;-7,959;104,6
110,229;-7,957;105
110,229;-7,955;105,8
110,229;-7,953;106,1
110,229;-7,951;106,1
110,229;-7,949;106,4
110,229;-7,947;106,3
110,229;-7,945;106,4
110,229;-7,943;106,5
110,229;-7,941;106,8
110,229;-7,939;107
110,229;-7,937;107,2
110,229;-7,935;107,9
110,229;-7,933;107,2
110,229;-7,931;106,9
110,229;-7,929;107,8
110,229;-7,927;109,4
110,229;-7,925;110,6
110,229;-7,923;110,9
110,229;-7,921;109,8
110,229;-7,919;109,7
110,229;-7,917;110,8
110,229;-7,915;111,8
110,229;-7,913;113,7
110,229;-7,911;115,6
110,229;-7,909;116,7
110,229;-7,907;116,9
110,229;-7,905;117,1
110,229;-7,903;117,7
110,229;-7,901;119
110,229;-7,899;118,3
110,229;-7,897;117
110,229;-7,895;116,2
110,229;-7,893;116,2
110,229;-7,891;115,9
110,229;-7,889;116
110,229;-7,887;116,3
110,229;-7,885;116,5
110,229;-7,883;116,9
110,229;-7,881;117,6
110,229;-7,879;117,7
110,229;-7,877;118,4
110,229;-7,875;119
110,229;-7,873;119,9
110,229;-7,871;120,7
110,229;-7,869;121,5
110,229;-7,867;122,4
110,229;-7,865;124,2
110,229;-7,863;124,7
110,229;-7,861;124,8
110,229;-7,859;126
110,229;-7,857;126,7
110,229;-7,855;125,5
110,229;-7,853;123,4
110,229;-7,851;123,8
110,229;-7,849;123,9
110,229;-7,847;124,7
110,231;-7,975;105,9
110,231;-7,973;105,6
110,231;-7,971;105,6
110,231;-7,969;106,2
110,231;-7,967;106,1
110,231;-7,965;105,5
110,231;-7,963;104,8
110,231;-7,961;104,8
110,231;-7,959;104,7
110,231;-7,957;104,8
110,231;-7,955;105,5
110,231;-7,953;105,6
110,231;-7,951;106,2
110,231;-7,949;106,5
110,231;-7,947;106,7
110,231;-7,945;106,9
110,231;-7,943;106,7
110,231;-7,941;106,7
110,231;-7,939;107
110,231;-7,937;107,4
110,231;-7,935;107,9
110,231;-7,933;107,6
110,231;-7,931;107,5
110,231;-7,929;108,4
110,231;-7,927;109,2
110,231;-7,925;110,5
110,231;-7,923;109,7
110,231;-7,921;108,4
110,231;-7,919;109,4
110,231;-7,917;111,5
110,231;-7,915;113,3
110,231;-7,913;113,9
110,231;-7,911;114,7
110,231;-7,909;115,3
110,231;-7,907;117,7
110,231;-7,905;118,5
110,231;-7,903;118,3
110,231;-7,901;118,3
110,231;-7,899;117,5
110,231;-7,897;116,5
110,231;-7,895;116,2
110,231;-7,893;116,4
110,231;-7,891;116,3
110,231;-7,889;116,5
110,231;-7,887;116,2
110,231;-7,885;116,5
110,231;-7,883;116,9
110,231;-7,881;117,7
110,231;-7,879;118,2
110,231;-7,877;118,7
110,231;-7,875;118,9
110,231;-7,873;119,2
110,231;-7,871;120,5
110,231;-7,869;121,9
110,231;-7,867;123,3
110,231;-7,865;124,7
110,231;-7,863;125,5
110,231;-7,861;125,3
110,231;-7,859;125,7
110,231;-7,857;126,5
110,231;-7,855;124,5
110,231;-7,853;123,1
110,231;-7,851;123,7
110,231;-7,849;124,4
110,231;-7,847;124,2
110,233;-7,975;106,2
110,233;-7,973;106,1
110,233;-7,971;105,5
110,233;-7,969;105,9
110,233;-7,967;106,3
110,233;-7,965;106,2
110,233;-7,963;105,5
110,233;-7,961;104,9
110,233;-7,959;104,7
110,233;-7,957;104,8
110,233;-7,955;105,1
110,233;-7,953;105
110,233;-7,951;105,5
110,233;-7,949;106
110,233;-7,947;106,2
110,233;-7,945;106,5
110,233;-7,943;106,5
110,233;-7,941;106,7
110,233;-7,939;106,9
110,233;-7,937;107,3
110,233;-7,935;107,7
110,233;-7,933;107,9
110,233;-7,931;108
110,233;-7,929;107,8
110,233;-7,927;108,3
110,233;-7,925;110,5
110,233;-7,923;110,5
110,233;-7,921;108,6
110,233;-7,919;109,4
110,233;-7,917;111,5
110,233;-7,915;113,5
110,233;-7,913;115,2
110,233;-7,911;115,3
110,233;-7,909;116
110,233;-7,907;117,7
110,233;-7,905;118,7
110,233;-7,903;118,8
110,233;-7,901;119,1
110,233;-7,899;117,9
110,233;-7,897;117
110,233;-7,895;116,3
110,233;-7,893;115,6
110,233;-7,891;116
110,233;-7,889;116,3
110,233;-7,887;116
110,233;-7,885;116,5
110,233;-7,883;117
110,233;-7,881;117,6
110,233;-7,879;118,6
110,233;-7,877;119,5
110,233;-7,875;119,3
110,233;-7,873;119,5
110,233;-7,871;120,6
110,233;-7,869;122,1
110,233;-7,867;123
110,233;-7,865;124
110,233;-7,863;124,8
110,233;-7,861;126,3
110,233;-7,859;126
110,233;-7,857;124,8
110,233;-7,855;124,2
110,233;-7,853;123,2
110,233;-7,851;123,2
110,233;-7,849;123,3
110,233;-7,847;123,5
110,235;-7,975;106,7
110,235;-7,973;106,9
110,235;-7,971;106,6
110,235;-7,969;106,1
110,235;-7,967;106,2
110,235;-7,965;106,2
110,235;-7,963;106,1
110,235;-7,961;105,6
110,235;-7,959;104,9
110,235;-7,957;104,7
110,235;-7,955;105,1
110,235;-7,953;105
110,235;-7,951;104,9
110,235;-7,949;105
110,235;-7,947;105,4
110,235;-7,945;106,2
110,235;-7,943;105,9
110,235;-7,941;106,6
110,235;-7,939;106,8
110,235;-7,937;107,1
110,235;-7,935;107,5
110,235;-7,933;107,8
110,235;-7,931;108,1
110,235;-7,929;108
110,235;-7,927;109,2
110,235;-7,925;110,8
110,235;-7,923;110
110,235;-7,921;108,5
110,235;-7,919;109,1
110,235;-7,917;109,9
110,235;-7,915;112
110,235;-7,913;113,9
110,235;-7,911;116,1
110,235;-7,909;117,2
110,235;-7,907;116,4
110,235;-7,905;118,3
110,235;-7,903;119,3
110,235;-7,901;119,1
110,235;-7,899;118,1
110,235;-7,897;117,3
110,235;-7,895;116,1
110,235;-7,893;116,1
110,235;-7,891;115
110,235;-7,889;115,2
110,235;-7,887;116,2
110,235;-7,885;117,2
110,235;-7,883;117
110,235;-7,881;117,4
110,235;-7,879;118,4
110,235;-7,877;120,1
110,235;-7,875;120,6
110,235;-7,873;120,4
110,235;-7,871;121,2
110,235;-7,869;121,7
110,235;-7,867;122,8
110,235;-7,865;123,8
110,235;-7,863;124,7
110,235;-7,861;124,5
110,235;-7,859;123,7
110,235;-7,857;122,3
110,235;-7,855;123
110,235;-7,853;122,9
110,235;-7,851;122,3
110,235;-7,849;122,2
110,235;-7,847;123,1
110,237;-7,975;106,6
110,237;-7,973;106,6
110,237;-7,971;106,5
110,237;-7,969;106
110,237;-7,967;105,8
110,237;-7,965;106,2
110,237;-7,963;105,9
110,237;-7,961;105,6
110,237;-7,959;106,2
110,237;-7,957;104,8
110,237;-7,955;104,7
110,237;-7,953;104,8
110,237;-7,951;105
110,237;-7,949;105,1
110,237;-7,947;105
110,237;-7,945;106,5
110,237;-7,943;106,2
110,237;-7,941;106,6
110,237;-7,939;106,8
110,237;-7,937;107,2
110,237;-7,935;107,4
110,237;-7,933;107,8
110,237;-7,931;107,9
110,237;-7,929;109,3
110,237;-7,927;109,8
110,237;-7,925;109,3
110,237;-7,923;108,4
110,237;-7,921;108,7
110,237;-7,919;110,4
110,237;-7,917;110,4
110,237;-7,915;111,2
110,237;-7,913;113,3
110,237;-7,911;115,1
110,237;-7,909;117,3
110,237;-7,907;118,5
110,237;-7,905;118,6
110,237;-7,903;118,7
110,237;-7,901;116,2
110,237;-7,899;116,1
110,237;-7,897;115,4
110,237;-7,895;114,6
110,237;-7,893;116
110,237;-7,891;114,9
110,237;-7,889;114,8
110,237;-7,887;117
110,237;-7,885;117,8
110,237;-7,883;118,1
110,237;-7,881;117,3
110,237;-7,879;118,2
110,237;-7,877;119,8
110,237;-7,875;120,7
110,237;-7,873;121,4
110,237;-7,871;122,2
110,237;-7,869;122,3
110,237;-7,867;123,3
110,237;-7,865;124,9
110,237;-7,863;124,8
110,237;-7,861;122,8
110,237;-7,859;121,9
110,237;-7,857;122,2
110,237;-7,855;122,2
110,237;-7,853;121,6
110,237;-7,851;122,4
110,237;-7,849;123,8
110,237;-7,847;123,1
110,239;-7,975;106,4
110,239;-7,973;106,3
110,239;-7,971;106,6
110,239;-7,969;106,3
110,239;-7,967;105,6
110,239;-7,965;105,4
110,239;-7,963;106
110,239;-7,961;105,1
110,239;-7,959;106,4
110,239;-7,957;105,8
110,239;-7,955;105,6
110,239;-7,953;105,5
110,239;-7,951;105,8
110,239;-7,949;105,4
110,239;-7,947;105,4
110,239;-7,945;105,1
110,239;-7,943;105,7
110,239;-7,941;106,6
110,239;-7,939;106,8
110,239;-7,937;107,5
110,239;-7,935;108
110,239;-7,933;108
110,239;-7,931;108
110,239;-7,929;109,5
110,239;-7,927;109,1
110,239;-7,925;108,1
110,239;-7,923;108,2
110,239;-7,921;109,2
110,239;-7,919;110,5
110,239;-7,917;110,8
110,239;-7,915;111,6
110,239;-7,913;112,4
110,239;-7,911;113,5
110,239;-7,909;116,4
110,239;-7,907;119,5
110,239;-7,905;119,1
110,239;-7,903;117,7
110,239;-7,901;115,6
110,239;-7,899;113,6
110,239;-7,897;113,4
110,239;-7,895;113,8
110,239;-7,893;114,1
110,239;-7,891;115
110,239;-7,889;115,3
110,239;-7,887;117,5
110,239;-7,885;118,5
110,239;-7,883;119,1
110,239;-7,881;118,7
110,239;-7,879;118,7
110,239;-7,877;119,5
110,239;-7,875;120,6
110,239;-7,873;121,9
110,239;-7,871;123,1
110,239;-7,869;123,3
110,239;-7,867;124
110,239;-7,865;124,1
110,239;-7,863;123,2
110,239;-7,861;123,7
110,239;-7,859;122,6
110,239;-7,857;121,9
110,239;-7,855;121,6
110,239;-7,853;121,3
110,239;-7,851;123,1
110,239;-7,849;122,6
110,239;-7,847;123
110,241;-7,975;105,9
110,241;-7,973;105,8
110,241;-7,971;105,9
110,241;-7,969;106,3
110,241;-7,967;106,3
110,241;-7,965;105,9
110,241;-7,963;106
110,241;-7,961;105,8
110,241;-7,959;106,3
110,241;-7,957;106,3
110,241;-7,955;106,4
110,241;-7,953;106,5
110,241;-7,951;106,6
110,241;-7,949;106,6
110,241;-7,947;106,1
110,241;-7,945;105,8
110,241;-7,943;105,7
110,241;-7,941;105,3
110,241;-7,939;106,6
110,241;-7,937;107,4
110,241;-7,935;107,5
110,241;-7,933;107,9
110,241;-7,931;108,2
110,241;-7,929;108,4
110,241;-7,927;108,1
110,241;-7,925;107,7
110,241;-7,923;108,8
110,241;-7,921;109,8
110,241;-7,919;109,7
110,241;-7,917;110,4
110,241;-7,915;111,8
110,241;-7,913;113,9
110,241;-7,911;116
110,241;-7,909;117,2
110,241;-7,907;119,1
110,241;-7,905;118,2
110,241;-7,903;116,5
110,241;-7,901;115
110,241;-7,899;113
110,241;-7,897;113,2
110,241;-7,895;113,7
110,241;-7,893;114,4
110,241;-7,891;115,9
110,241;-7,889;116
110,241;-7,887;116,5
110,241;-7,885;117,6
110,241;-7,883;118,7
110,241;-7,881;119,7
110,241;-7,879;120,2
110,241;-7,877;120,9
110,241;-7,875;121,4
110,241;-7,873;122,1
110,241;-7,871;123,4
110,241;-7,869;124
110,241;-7,867;123,8
110,241;-7,865;122,3
110,241;-7,863;121,8
110,241;-7,861;121,9
110,241;-7,859;122,1
110,241;-7,857;121
110,241;-7,855;120,3
110,241;-7,853;122,9
110,241;-7,851;122,6
110,241;-7,849;122,5
110,241;-7,847;122,8
110,243;-7,975;106,2
110,243;-7,973;106,2
110,243;-7,971;106,3
110,243;-7,969;106,5
110,243;-7,967;106,6
110,243;-7,965;106,4
110,243;-7,963;106,3
110,243;-7,961;106,4
110,243;-7,959;106,2
110,243;-7,957;105,4
110,243;-7,955;105,8
110,243;-7,953;105,9
110,243;-7,951;106,7
110,243;-7,949;106,4
110,243;-7,947;106,7
110,243;-7,945;106,1
110,243;-7,943;105,4
110,243;-7,941;105,6
110,243;-7,939;105,8
110,243;-7,937;106
110,243;-7,935;105,6
110,243;-7,933;107,1
110,243;-7,931;108,3
110,243;-7,929;108,5
110,243;-7,927;108,9
110,243;-7,925;108,4
110,243;-7,923;108,4
110,243;-7,921;109,7
110,243;-7,919;109,9
110,243;-7,917;110,1
110,243;-7,915;111,6
110,243;-7,913;112,9
110,243;-7,911;115,1
110,243;-7,909;117,5
110,243;-7,907;118,1
110,243;-7,905;117,1
110,243;-7,903;116,2
110,243;-7,901;113,8
110,243;-7,899;112,9
110,243;-7,897;113
110,243;-7,895;113,4
110,243;-7,893;114,4
110,243;-7,891;116,2
110,243;-7,889;117,4
110,243;-7,887;117,1
110,243;-7,885;117,7
110,243;-7,883;118,7
110,243;-7,881;119,6
110,243;-7,879;120,2
110,243;-7,877;121,3
110,243;-7,875;121,8
110,243;-7,873;122
110,243;-7,871;123,2
110,243;-7,869;123,8
110,243;-7,867;123,2
110,243;-7,865;121,6
110,243;-7,863;120,8
110,243;-7,861;121,3
110,243;-7,859;121
110,243;-7,857;119,9
110,243;-7,855;121,9
110,243;-7,853;122
110,243;-7,851;122,6
110,243;-7,849;122,7
110,243;-7,847;123,2
110,245;-7,975;106,3
110,245;-7,973;106
110,245;-7,971;106,4
110,245;-7,969;107
110,245;-7,967;106,4
110,245;-7,965;105,6
110,245;-7,963;105,7
110,245;-7,961;105,9
110,245;-7,959;106,2
110,245;-7,957;105,3
110,245;-7,955;105,4
110,245;-7,953;105,7
110,245;-7,951;106,6
110,245;-7,949;106,6
110,245;-7,947;106,9
110,245;-7,945;106,9
110,245;-7,943;106,1
110,245;-7,941;106,4
110,245;-7,939;106,3
110,245;-7,937;106,3
110,245;-7,935;106,6
110,245;-7,933;106,4
110,245;-7,931;106,7
110,245;-7,929;107,7
110,245;-7,927;108,6
110,245;-7,925;108,4
110,245;-7,923;108,6
110,245;-7,921;109,4
110,245;-7,919;110,1
110,245;-7,917;111,5
110,245;-7,915;111,7
110,245;-7,913;112,3
110,245;-7,911;116,4
110,245;-7,909;118,6
110,245;-7,907;116,8
110,245;-7,905;114,5
110,245;-7,903;112,6
110,245;-7,901;112,2
110,245;-7,899;112,7
110,245;-7,897;112,9
110,245;-7,895;113,4
110,245;-7,893;113,8
110,245;-7,891;116,2
110,245;-7,889;117,7
110,245;-7,887;117,6
110,245;-7,885;117,7
110,245;-7,883;118,8
110,245;-7,881;119,6
110,245;-7,879;120,4
110,245;-7,877;121,5
110,245;-7,875;121,4
110,245;-7,873;121,6
110,245;-7,871;122,9
110,245;-7,869;122,7
110,245;-7,867;121,7
110,245;-7,865;120,9
110,245;-7,863;120,8
110,245;-7,861;120,5
110,245;-7,859;119,6
110,245;-7,857;121,5
110,245;-7,855;121,8
110,245;-7,853;121,8
110,245;-7,851;122,3
110,245;-7,849;122,2
110,245;-7,847;122,4
110,247;-7,975;106,5
110,247;-7,973;106,5
110,247;-7,971;106,5
110,247;-7,969;106,7
110,247;-7,967;106,5
110,247;-7,965;105,9
110,247;-7,963;106,2
110,247;-7,961;106
110,247;-7,959;106
110,247;-7,957;105,2
110,247;-7,955;105,7
110,247;-7,953;106,5
110,247;-7,951;105,6
110,247;-7,949;106,8
110,247;-7,947;107
110,247;-7,945;107,1
110,247;-7,943;107,4
110,247;-7,941;107,3
110,247;-7,939;107
110,247;-7,937;107,4
110,247;-7,935;107,7
110,247;-7,933;107
110,247;-7,931;107,1
110,247;-7,929;107
110,247;-7,927;107,8
110,247;-7,925;108,9
110,247;-7,923;109,1
110,247;-7,921;109,5
110,247;-7,919;110,1
110,247;-7,917;111,2
110,247;-7,915;112,7
110,247;-7,913;114,6
110,247;-7,911;117
110,247;-7,909;117,5
110,247;-7,907;116
110,247;-7,905;112,9
110,247;-7,903;112,1
110,247;-7,901;112,2
110,247;-7,899;112,5
110,247;-7,897;112,8
110,247;-7,895;113,5
110,247;-7,893;113,6
110,247;-7,891;117,1
110,247;-7,889;118,5
110,247;-7,887;118,2
110,247;-7,885;118,4
110,247;-7,883;120,3
110,247;-7,881;120,4
110,247;-7,879;120,5
110,247;-7,877;120,7
110,247;-7,875;120,7
110,247;-7,873;121,3
110,247;-7,871;122,5
110,247;-7,869;122,9
110,247;-7,867;122
110,247;-7,865;121,6
110,247;-7,863;120,7
110,247;-7,861;118,8
110,247;-7,859;120,6
110,247;-7,857;121
110,247;-7,855;121,5
110,247;-7,853;122
110,247;-7,851;121,4
110,247;-7,849;121,7
110,247;-7,847;122,1
110,249;-7,975;107,3
110,249;-7,973;107,3
110,249;-7,971;107
110,249;-7,969;107,3
110,249;-7,967;107
110,249;-7,965;106,6
110,249;-7,963;106,5
110,249;-7,961;106,4
110,249;-7,959;105,9
110,249;-7,957;106,1
110,249;-7,955;105,6
110,249;-7,953;106,4
110,249;-7,951;106,2
110,249;-7,949;105,8
110,249;-7,947;106,7
110,249;-7,945;106,9
110,249;-7,943;106,9
110,249;-7,941;107,2
110,249;-7,939;106,9
110,249;-7,937;107,3
110,249;-7,935;107,6
110,249;-7,933;108,2
110,249;-7,931;107,8
110,249;-7,929;107,2
110,249;-7,927;107
110,249;-7,925;108,1
110,249;-7,923;109,1
110,249;-7,921;109,5
110,249;-7,919;109,9
110,249;-7,917;110,1
110,249;-7,915;112,3
110,249;-7,913;113,9
110,249;-7,911;115
110,249;-7,909;114,9
110,249;-7,907;112,7
110,249;-7,905;111,9
110,249;-7,903;111,6
110,249;-7,901;112,3
110,249;-7,899;112,7
110,249;-7,897;113,1
110,249;-7,895;113,5
110,249;-7,893;113,5
110,249;-7,891;116,1
110,249;-7,889;119
110,249;-7,887;119,9
110,249;-7,885;119,7
110,249;-7,883;120
110,249;-7,881;120,2
110,249;-7,879;120,3
110,249;-7,877;119,8
110,249;-7,875;120
110,249;-7,873;121
110,249;-7,871;122,2
110,249;-7,869;122,1
110,249;-7,867;120,5
110,249;-7,865;120,2
110,249;-7,863;120,2
110,249;-7,861;119,2
110,249;-7,859;121,3
110,249;-7,857;121,4
110,249;-7,855;121,4
110,249;-7,853;121,8
110,249;-7,851;121,4
110,249;-7,849;121,6
110,249;-7,847;121,5
110,251;-7,975;107,4
110,251;-7,973;107,5
110,251;-7,971;107,1
110,251;-7,969;105,8
110,251;-7,967;105,7
110,251;-7,965;105,9
110,251;-7,963;106,4
110,251;-7,961;106,6
110,251;-7,959;105,8
110,251;-7,957;106
110,251;-7,955;106,2
110,251;-7,953;106,2
110,251;-7,951;106,6
110,251;-7,949;106,8
110,251;-7,947;107,1
110,251;-7,945;107,2
110,251;-7,943;107,2
110,251;-7,941;107,4
110,251;-7,939;107,4
110,251;-7,937;107,7
110,251;-7,935;107,8
110,251;-7,933;108,3
110,251;-7,931;108,1
110,251;-7,929;107,8
110,251;-7,927;107,2
110,251;-7,925;108,2
110,251;-7,923;109,9
110,251;-7,921;109,7
110,251;-7,919;109,6
110,251;-7,917;110,9
110,251;-7,915;112,7
110,251;-7,913;115,3
110,251;-7,911;115,9
110,251;-7,909;113,5
110,251;-7,907;111,5
110,251;-7,905;111,6
110,251;-7,903;111,8
110,251;-7,901;112,2
110,251;-7,899;112,6
110,251;-7,897;113,1
110,251;-7,895;113,5
110,251;-7,893;113,7
110,251;-7,891;115,3
110,251;-7,889;119,4
110,251;-7,887;119,9
110,251;-7,885;120,7
110,251;-7,883;121
110,251;-7,881;120,4
110,251;-7,879;119,3
110,251;-7,877;119,3
110,251;-7,875;120,1
110,251;-7,873;121,1
110,251;-7,871;121,6
110,251;-7,869;121,1
110,251;-7,867;120,9
110,251;-7,865;120,6
110,251;-7,863;118,4
110,251;-7,861;119,2
110,251;-7,859;121,4
110,251;-7,857;121,2
110,251;-7,855;121,2
110,251;-7,853;121,9
110,251;-7,851;122
110,251;-7,849;124,4
110,251;-7,847;122,4
110,253;-7,975;107,8
110,253;-7,973;108
110,253;-7,971;106,9
110,253;-7,969;106
110,253;-7,967;106,2
110,253;-7,965;106,1
110,253;-7,963;107,1
110,253;-7,961;106,8
110,253;-7,959;106,3
110,253;-7,957;105,9
110,253;-7,955;106
110,253;-7,953;106,1
110,253;-7,951;106,9
110,253;-7,949;106,8
110,253;-7,947;107
110,253;-7,945;107,3
110,253;-7,943;107,5
110,253;-7,941;107,4
110,253;-7,939;107,3
110,253;-7,937;107,5
110,253;-7,935;107,8
110,253;-7,933;108,1
110,253;-7,931;108,2
110,253;-7,929;108
110,253;-7,927;108,4
110,253;-7,925;108,1
110,253;-7,923;108,3
110,253;-7,921;109,9
110,253;-7,919;111,2
110,253;-7,917;112,4
110,253;-7,915;113,7
110,253;-7,913;114,5
110,253;-7,911;115,1
110,253;-7,909;113,1
110,253;-7,907;111,3
110,253;-7,905;112,4
110,253;-7,903;112,9
110,253;-7,901;113
110,253;-7,899;113
110,253;-7,897;113,2
110,253;-7,895;113,4
110,253;-7,893;114
110,253;-7,891;114,9
110,253;-7,889;117,6
110,253;-7,887;120,9
110,253;-7,885;121,6
110,253;-7,883;120,4
110,253;-7,881;119,6
110,253;-7,879;119,3
110,253;-7,877;118,1
110,253;-7,875;119,2
110,253;-7,873;120,2
110,253;-7,871;120,4
110,253;-7,869;120,4
110,253;-7,867;119,2
110,253;-7,865;119,5
110,253;-7,863;118,5
110,253;-7,861;120,5
110,253;-7,859;120,2
110,253;-7,857;120,7
110,253;-7,855;120,6
110,253;-7,853;121,6
110,253;-7,851;122,6
110,253;-7,849;123,4
110,253;-7,847;123,6
110,255;-7,975;107,3
110,255;-7,973;107,2
110,255;-7,971;107,3
110,255;-7,969;106,4
110,255;-7,967;106
110,255;-7,965;106
110,255;-7,963;106,5
110,255;-7,961;107,1
110,255;-7,959;106,7
110,255;-7,957;105,8
110,255;-7,955;105,9
110,255;-7,953;106,3
110,255;-7,951;106,6
110,255;-7,949;107
110,255;-7,947;107,3
110,255;-7,945;107,2
110,255;-7,943;107,5
110,255;-7,941;107,1
110,255;-7,939;107,4
110,255;-7,937;107,9
110,255;-7,935;107,7
110,255;-7,933;108
110,255;-7,931;108,4
110,255;-7,929;108,6
110,255;-7,927;108,6
110,255;-7,925;108,6
110,255;-7,923;109
110,255;-7,921;110,2
110,255;-7,919;111,2
110,255;-7,917;112,4
110,255;-7,915;113,6
110,255;-7,913;114,4
110,255;-7,911;114,1
110,255;-7,909;112
110,255;-7,907;111,2
110,255;-7,905;112,3
110,255;-7,903;113
110,255;-7,901;113,3
110,255;-7,899;113,2
110,255;-7,897;113,8
110,255;-7,895;113,4
110,255;-7,893;114,2
110,255;-7,891;115,3
110,255;-7,889;117,7
110,255;-7,887;120,5
110,255;-7,885;121,3
110,255;-7,883;120,1
110,255;-7,881;118,6
110,255;-7,879;118,4
110,255;-7,877;118
110,255;-7,875;118,7
110,255;-7,873;119,2
110,255;-7,871;118,8
110,255;-7,869;119,5
110,255;-7,867;119,3
110,255;-7,865;117,9
110,255;-7,863;119
110,255;-7,861;120,9
110,255;-7,859;120,5
110,255;-7,857;120,7
110,255;-7,855;120,3
110,255;-7,853;120,7
110,255;-7,851;122
110,255;-7,849;123,5
110,255;-7,847;122,7
110,257;-7,975;106,9
110,257;-7,973;107,2
110,257;-7,971;107,6
110,257;-7,969;107
110,257;-7,967;106,7
110,257;-7,965;106
110,257;-7,963;106
110,257;-7,961;106,6
110,257;-7,959;107,1
110,257;-7,957;106,6
110,257;-7,955;106,7
110,257;-7,953;106,8
110,257;-7,951;106,4
110,257;-7,949;106,7
110,257;-7,947;106,9
110,257;-7,945;107,3
110,257;-7,943;107,3
110,257;-7,941;107,2
110,257;-7,939;107,9
110,257;-7,937;107,9
110,257;-7,935;107,8
110,257;-7,933;108,3
110,257;-7,931;108,6
110,257;-7,929;108,7
110,257;-7,927;109,2
110,257;-7,925;108,7
110,257;-7,923;108,8
110,257;-7,921;109,7
110,257;-7,919;110,1
110,257;-7,917;110,9
110,257;-7,915;112,5
110,257;-7,913;114,9
110,257;-7,911;115
110,257;-7,909;112,4
110,257;-7,907;111,2
110,257;-7,905;112,1
110,257;-7,903;112,9
110,257;-7,901;113,4
110,257;-7,899;113,7
110,257;-7,897;113,6
110,257;-7,895;113,5
110,257;-7,893;114,8
110,257;-7,891;116,2
110,257;-7,889;118,4
110,257;-7,887;119,7
110,257;-7,885;120,6
110,257;-7,883;119,8
110,257;-7,881;119,1
110,257;-7,879;118,3
110,257;-7,877;117,5
110,257;-7,875;118,2
110,257;-7,873;118,7
110,257;-7,871;118,1
110,257;-7,869;117,6
110,257;-7,867;117,5
110,257;-7,865;118
110,257;-7,863;119,8
110,257;-7,861;119,9
110,257;-7,859;120,5
110,257;-7,857;120,4
110,257;-7,855;120,3
110,257;-7,853;120,6
110,257;-7,851;122,8
110,257;-7,849;123,1
110,257;-7,847;123,2
110,259;-7,975;108
110,259;-7,973;107,5
110,259;-7,971;107,2
110,259;-7,969;107,8
110,259;-7,967;107,1
110,259;-7,965;106,3
110,259;-7,963;106,3
110,259;-7,961;106,2
110,259;-7,959;106,3
110,259;-7,957;106,5
110,259;-7,955;107,1
110,259;-7,953;107
110,259;-7,951;106,9
110,259;-7,949;106,2
110,259;-7,947;106,7
110,259;-7,945;107,1
110,259;-7,943;106,9
110,259;-7,941;107,6
110,259;-7,939;107,8
110,259;-7,937;108,2
110,259;-7,935;108,4
110,259;-7,933;108,3
110,259;-7,931;108,6
110,259;-7,929;109,2
110,259;-7,927;108,4
110,259;-7,925;107,7
110,259;-7,923;109
110,259;-7,921;110,5
110,259;-7,919;111,4
110,259;-7,917;112,3
110,259;-7,915;113,5
110,259;-7,913;114,3
110,259;-7,911;112,2
110,259;-7,909;112,1
110,259;-7,907;112,1
110,259;-7,905;112,2
110,259;-7,903;112,8
110,259;-7,901;113,3
110,259;-7,899;113,3
110,259;-7,897;114,3
110,259;-7,895;114
110,259;-7,893;117,8
110,259;-7,891;118,3
110,259;-7,889;120,2
110,259;-7,887;119,8
110,259;-7,885;120,2
110,259;-7,883;120,1
110,259;-7,881;120,5
110,259;-7,879;119,3
110,259;-7,877;118,2
110,259;-7,875;117,7
110,259;-7,873;116,7
110,259;-7,871;117,2
110,259;-7,869;118,4
110,259;-7,867;118,3
110,259;-7,865;118,9
110,259;-7,863;119,6
110,259;-7,861;120,2
110,259;-7,859;121,2
110,259;-7,857;121
110,259;-7,855;121,8
110,259;-7,853;122,1
110,259;-7,851;122,3
110,259;-7,849;123,7
110,259;-7,847;125,1
110,261;-7,975;107,2
110,261;-7,973;107
110,261;-7,971;107,6
110,261;-7,969;107,8
110,261;-7,967;107,4
110,261;-7,965;106,5
110,261;-7,963;106,4
110,261;-7,961;106,1
110,261;-7,959;106,2
110,261;-7,957;106,7
110,261;-7,955;107
110,261;-7,953;107,2
110,261;-7,951;107,2
110,261;-7,949;107,2
110,261;-7,947;106,5
110,261;-7,945;106,5
110,261;-7,943;106,9
110,261;-7,941;106,9
110,261;-7,939;108
110,261;-7,937;108,3
110,261;-7,935;108,3
110,261;-7,933;108,3
110,261;-7,931;109,3
110,261;-7,929;108,2
110,261;-7,927;107,4
110,261;-7,925;108,5
110,261;-7,923;109,6
110,261;-7,921;110,5
110,261;-7,919;111,9
110,261;-7,917;112,7
110,261;-7,915;112,7
110,261;-7,913;112,4
110,261;-7,911;111,5
110,261;-7,909;112,1
110,261;-7,907;112,5
110,261;-7,905;112,6
110,261;-7,903;113
110,261;-7,901;112,9
110,261;-7,899;113,4
110,261;-7,897;114,5
110,261;-7,895;114,4
110,261;-7,893;116,4
110,261;-7,891;119,2
110,261;-7,889;120,8
110,261;-7,887;119,7
110,261;-7,885;117,9
110,261;-7,883;117,1
110,261;-7,881;118,9
110,261;-7,879;119,3
110,261;-7,877;117,7
110,261;-7,875;116,3
110,261;-7,873;116,6
110,261;-7,871;118
110,261;-7,869;118,8
110,261;-7,867;118,6
110,261;-7,865;118,5
110,261;-7,863;119,1
110,261;-7,861;120,9
110,261;-7,859;121
110,261;-7,857;121,4
110,261;-7,855;121,8
110,261;-7,853;123,5
110,261;-7,851;122,8
110,261;-7,849;124,1
110,261;-7,847;124,7
110,263;-7,975;107,4
110,263;-7,973;107,9
110,263;-7,971;107,8
110,263;-7,969;107,8
110,263;-7,967;107,7
110,263;-7,965;107,1
110,263;-7,963;106,9
110,263;-7,961;106,5
110,263;-7,959;106,2
110,263;-7,957;106,8
110,263;-7,955;106,7
110,263;-7,953;106,9
110,263;-7,951;107,2
110,263;-7,949;107,2
110,263;-7,947;107,3
110,263;-7,945;106,8
110,263;-7,943;107
110,263;-7,941;107
110,263;-7,939;107,9
110,263;-7,937;108,3
110,263;-7,935;108,4
110,263;-7,933;108,6
110,263;-7,931;108,4
110,263;-7,929;107,5
110,263;-7,927;107,4
110,263;-7,925;108,8
110,263;-7,923;110,1
110,263;-7,921;111
110,263;-7,919;112,1
110,263;-7,917;112
110,263;-7,915;111,1
110,263;-7,913;111,7
110,263;-7,911;111,8
110,263;-7,909;112,4
110,263;-7,907;112,4
110,263;-7,905;112,6
110,263;-7,903;113
110,263;-7,901;113,5
110,263;-7,899;113,6
110,263;-7,897;114,3
110,263;-7,895;114,4
110,263;-7,893;115,6
110,263;-7,891;118,2
110,263;-7,889;120,8
110,263;-7,887;120,6
110,263;-7,885;118,1
110,263;-7,883;117
110,263;-7,881;118,1
110,263;-7,879;116,8
110,263;-7,877;115,2
110,263;-7,875;117,1
110,263;-7,873;118,4
110,263;-7,871;118,2
110,263;-7,869;118,1
110,263;-7,867;118,2
110,263;-7,865;118,5
110,263;-7,863;118,4
110,263;-7,861;119,9
110,263;-7,859;120
110,263;-7,857;119,7
110,263;-7,855;120,9
110,263;-7,853;121,6
110,263;-7,851;124,2
110,263;-7,849;124,8
110,263;-7,847;125,6
110,265;-7,975;107,4
110,265;-7,973;107,9
110,265;-7,971;108,1
110,265;-7,969;107,7
110,265;-7,967;107,3
110,265;-7,965;107,1
110,265;-7,963;107,5
110,265;-7,961;107,2
110,265;-7,959;106,7
110,265;-7,957;106,4
110,265;-7,955;106,4
110,265;-7,953;106,9
110,265;-7,951;106,9
110,265;-7,949;107,2
110,265;-7,947;107
110,265;-7,945;107,3
110,265;-7,943;107,9
110,265;-7,941;108,1
110,265;-7,939;107,6
110,265;-7,937;108
110,265;-7,935;108,6
110,265;-7,933;108,9
110,265;-7,931;107,9
110,265;-7,929;107,2
110,265;-7,927;108
110,265;-7,925;109,3
110,265;-7,923;110,7
110,265;-7,921;111,2
110,265;-7,919;111,2
110,265;-7,917;111,2
110,265;-7,915;111,3
110,265;-7,913;111,5
110,265;-7,911;111,4
110,265;-7,909;112,3
110,265;-7,907;112,6
110,265;-7,905;112,9
110,265;-7,903;112,8
110,265;-7,901;113,3
110,265;-7,899;113,9
110,265;-7,897;114,1
110,265;-7,895;114,1
110,265;-7,893;116,5
110,265;-7,891;118,9
110,265;-7,889;118,9
110,265;-7,887;119
110,265;-7,885;117,8
110,265;-7,883;116,1
110,265;-7,881;115,7
110,265;-7,879;115,2
110,265;-7,877;115,6
110,265;-7,875;117,6
110,265;-7,873;118,8
110,265;-7,871;118,5
110,265;-7,869;117,8
110,265;-7,867;118,3
110,265;-7,865;118,1
110,265;-7,863;118,5
110,265;-7,861;119,2
110,265;-7,859;119,3
110,265;-7,857;120,5
110,265;-7,855;122,2
110,265;-7,853;121,8
110,265;-7,851;123,1
110,265;-7,849;123,7
110,265;-7,847;125,7
110,267;-7,975;107,3
110,267;-7,973;107,1
110,267;-7,971;107,3
110,267;-7,969;107,4
110,267;-7,967;107,7
110,267;-7,965;107,5
110,267;-7,963;107,1
110,267;-7,961;107,3
110,267;-7,959;107,1
110,267;-7,957;106,9
110,267;-7,955;106,6
110,267;-7,953;106,8
110,267;-7,951;107,2
110,267;-7,949;107,6
110,267;-7,947;107,3
110,267;-7,945;107,8
110,267;-7,943;107,5
110,267;-7,941;107,6
110,267;-7,939;107,9
110,267;-7,937;108,2
110,267;-7,935;108,6
110,267;-7,933;109
110,267;-7,931;108,3
110,267;-7,929;107,4
110,267;-7,927;107,7
110,267;-7,925;109,4
110,267;-7,923;111
110,267;-7,921;110,6
110,267;-7,919;109,7
110,267;-7,917;111,1
110,267;-7,915;111,6
110,267;-7,913;111,9
110,267;-7,911;112,2
110,267;-7,909;112,6
110,267;-7,907;113
110,267;-7,905;113
110,267;-7,903;113,1
110,267;-7,901;113,4
110,267;-7,899;113,8
110,267;-7,897;114,1
110,267;-7,895;113,8
110,267;-7,893;115,8
110,267;-7,891;116,7
110,267;-7,889;117,1
110,267;-7,887;116,2
110,267;-7,885;114,9
110,267;-7,883;114
110,267;-7,881;115,6
110,267;-7,879;116,5
110,267;-7,877;117,3
110,267;-7,875;117,8
110,267;-7,873;118,6
110,267;-7,871;120,3
110,267;-7,869;120,4
110,267;-7,867;119,1
110,267;-7,865;117,7
110,267;-7,863;119
110,267;-7,861;119,8
110,267;-7,859;120,3
110,267;-7,857;121
110,267;-7,855;123
110,267;-7,853;123,7
110,267;-7,851;124,5
110,267;-7,849;124,3
110,267;-7,847;124,5
110,269;-7,975;107,5
110,269;-7,973;107,5
110,269;-7,971;107,3
110,269;-7,969;107,1
110,269;-7,967;108,1
110,269;-7,965;108,2
110,269;-7,963;107,4
110,269;-7,961;107,4
110,269;-7,959;107,1
110,269;-7,957;107,5
110,269;-7,955;107,1
110,269;-7,953;107
110,269;-7,951;107,4
110,269;-7,949;107,7
110,269;-7,947;107,9
110,269;-7,945;107,3
110,269;-7,943;107,2
110,269;-7,941;107
110,269;-7,939;107,9
110,269;-7,937;108,2
110,269;-7,935;108,5
110,269;-7,933;108,9
110,269;-7,931;108,9
110,269;-7,929;108
110,269;-7,927;107,5
110,269;-7,925;108,6
110,269;-7,923;109,5
110,269;-7,921;109,3
110,269;-7,919;109,2
110,269;-7,917;109,9
110,269;-7,915;110,1
110,269;-7,913;110,4
110,269;-7,911;111,2
110,269;-7,909;111,5
110,269;-7,907;111,7
110,269;-7,905;112,9
110,269;-7,903;113,6
110,269;-7,901;113,9
110,269;-7,899;113,9
110,269;-7,897;114,5
110,269;-7,895;114,4
110,269;-7,893;115,2
110,269;-7,891;115,6
110,269;-7,889;114,6
110,269;-7,887;113,9
110,269;-7,885;114,1
110,269;-7,883;115,3
110,269;-7,881;116,5
110,269;-7,879;117,4
110,269;-7,877;118,3
110,269;-7,875;118,8
110,269;-7,873;118,5
110,269;-7,871;120,4
110,269;-7,869;122,2
110,269;-7,867;119,9
110,269;-7,865;119,2
110,269;-7,863;118,3
110,269;-7,861;119,9
110,269;-7,859;121,5
110,269;-7,857;122
110,269;-7,855;122,3
110,269;-7,853;123,2
110,269;-7,851;124,9
110,269;-7,849;126,9
110,269;-7,847;125,6
110,271;-7,975;107,5
110,271;-7,973;108
110,271;-7,971;108,2
110,271;-7,969;107,9
110,271;-7,967;108,1
110,271;-7,965;108,1
110,271;-7,963;107,6
110,271;-7,961;107,7
110,271;-7,959;107,3
110,271;-7,957;107,6
110,271;-7,955;107,1
110,271;-7,953;107,1
110,271;-7,951;106,9
110,271;-7,949;107,7
110,271;-7,947;107,8
110,271;-7,945;107,8
110,271;-7,943;107,5
110,271;-7,941;107,9
110,271;-7,939;108,1
110,271;-7,937;108,1
110,271;-7,935;108,5
110,271;-7,933;109
110,271;-7,931;109,3
110,271;-7,929;108,6
110,271;-7,927;108,1
110,271;-7,925;108,1
110,271;-7,923;108,1
110,271;-7,921;108,5
110,271;-7,919;108,7
110,271;-7,917;109,2
110,271;-7,915;109,5
110,271;-7,913;109,7
110,271;-7,911;110,3
110,271;-7,909;110,5
110,271;-7,907;111
110,271;-7,905;111,8
110,271;-7,903;112,1
110,271;-7,901;113,2
110,271;-7,899;113,2
110,271;-7,897;113,5
110,271;-7,895;113,5
110,271;-7,893;114,2
110,271;-7,891;114,3
110,271;-7,889;113,2
110,271;-7,887;113,9
110,271;-7,885;115,7
110,271;-7,883;116,2
110,271;-7,881;116,2
110,271;-7,879;116,9
110,271;-7,877;118,9
110,271;-7,875;120,4
110,271;-7,873;119,8
110,271;-7,871;119,5
110,271;-7,869;121,2
110,271;-7,867;121,4
110,271;-7,865;119,8
110,271;-7,863;118,4
110,271;-7,861;119
110,271;-7,859;120,1
110,271;-7,857;120,4
110,271;-7,855;120,2
110,271;-7,853;120,4
110,271;-7,851;121,1
110,271;-7,849;123,6
110,271;-7,847;123,5
110,273;-7,975;107,7
110,273;-7,973;108
110,273;-7,971;108,3
110,273;-7,969;108,2
110,273;-7,967;108,1
110,273;-7,965;107,6
110,273;-7,963;107,4
110,273;-7,961;107,5
110,273;-7,959;107,2
110,273;-7,957;107,5
110,273;-7,955;106,8
110,273;-7,953;106,7
110,273;-7,951;107,2
110,273;-7,949;106,9
110,273;-7,947;107,6
110,273;-7,945;109
110,273;-7,943;108,9
110,273;-7,941;108,7
110,273;-7,939;107,9
110,273;-7,937;107,7
110,273;-7,935;108,6
110,273;-7,933;109,2
110,273;-7,931;109,3
110,273;-7,929;109,3
110,273;-7,927;109,3
110,273;-7,925;109,4
110,273;-7,923;109,4
110,273;-7,921;109,7
110,273;-7,919;109,5
110,273;-7,917;109,2
110,273;-7,915;109,4
110,273;-7,913;110
110,273;-7,911;110,3
110,273;-7,909;110,3
110,273;-7,907;110,6
110,273;-7,905;111
110,273;-7,903;110,9
110,273;-7,901;111,7
110,273;-7,899;112,2
110,273;-7,897;112,2
110,273;-7,895;112,3
110,273;-7,893;113,2
110,273;-7,891;112,8
110,273;-7,889;114,3
110,273;-7,887;114,7
110,273;-7,885;116,4
110,273;-7,883;118
110,273;-7,881;117,6
110,273;-7,879;115,8
110,273;-7,877;116,8
110,273;-7,875;120,7
110,273;-7,873;121,8
110,273;-7,871;120,9
110,273;-7,869;122
110,273;-7,867;122,9
110,273;-7,865;120,8
110,273;-7,863;118,7
110,273;-7,861;118,6
110,273;-7,859;119
110,273;-7,857;118,5
110,273;-7,855;119,1
110,273;-7,853;120,5
110,273;-7,851;121,1
110,273;-7,849;120,9
110,273;-7,847;123,2
110,275;-7,975;108,2
110,275;-7,973;108,4
110,275;-7,971;108,2
110,275;-7,969;108,3
110,275;-7,967;107,8
110,275;-7,965;106,9
110,275;-7,963;107
110,275;-7,961;107
110,275;-7,959;106,7
110,275;-7,957;107,1
110,275;-7,955;106,7
110,275;-7,953;107,4
110,275;-7,951;107,1
110,275;-7,949;107,4
110,275;-7,947;108,1
110,275;-7,945;109,4
110,275;-7,943;109,5
110,275;-7,941;108,5
110,275;-7,939;107,9
110,275;-7,937;108
110,275;-7,935;108,4
110,275;-7,933;108,4
110,275;-7,931;108,9
110,275;-7,929;109,6
110,275;-7,927;109,4
110,275;-7,925;110
110,275;-7,923;110,6
110,275;-7,921;110,7
110,275;-7,919;110,7
110,275;-7,917;110
110,275;-7,915;109,9
110,275;-7,913;110,7
110,275;-7,911;111,1
110,275;-7,909;111
110,275;-7,907;111,9
110,275;-7,905;112,5
110,275;-7,903;112,6
110,275;-7,901;112,5
110,275;-7,899;112,7
110,275;-7,897;113,3
110,275;-7,895;112,6
110,275;-7,893;113,4
110,275;-7,891;114,2
110,275;-7,889;114,6
110,275;-7,887;115,4
110,275;-7,885;118,4
110,275;-7,883;119,4
110,275;-7,881;119,4
110,275;-7,879;117,8
110,275;-7,877;116
110,275;-7,875;118,1
110,275;-7,873;120
110,275;-7,871;120,3
110,275;-7,869;121,3
110,275;-7,867;123,5
110,275;-7,865;122,6
110,275;-7,863;119,8
110,275;-7,861;119,3
110,275;-7,859;119,3
110,275;-7,857;120
110,275;-7,855;118,9
110,275;-7,853;120,1
110,275;-7,851;121,7
110,275;-7,849;123,2
110,275;-7,847;124,8
110,277;-7,975;108
110,277;-7,973;108,1
110,277;-7,971;107,7
110,277;-7,969;107,9
110,277;-7,967;107,8
110,277;-7,965;106,8
110,277;-7,963;107,3
110,277;-7,961;107,2
110,277;-7,959;107
110,277;-7,957;107
110,277;-7,955;107
110,277;-7,953;107,7
110,277;-7,951;106,8
110,277;-7,949;108,2
110,277;-7,947;109
110,277;-7,945;110,1
110,277;-7,943;109,1
110,277;-7,941;109,7
110,277;-7,939;109
110,277;-7,937;108,2
110,277;-7,935;107,9
110,277;-7,933;108
110,277;-7,931;108,4
110,277;-7,929;109
110,277;-7,927;108,8
110,277;-7,925;109,2
110,277;-7,923;109,9
110,277;-7,921;110,3
110,277;-7,919;111
110,277;-7,917;111,1
110,277;-7,915;111,1
110,277;-7,913;111,4
110,277;-7,911;111,9
110,277;-7,909;111,8
110,277;-7,907;113,1
110,277;-7,905;113,1
110,277;-7,903;113,5
110,277;-7,901;113,7
110,277;-7,899;113,8
110,277;-7,897;114,3
110,277;-7,895;114
110,277;-7,893;114
110,277;-7,891;115
110,277;-7,889;115,8
110,277;-7,887;117,5
110,277;-7,885;120,9
110,277;-7,883;120,2
110,277;-7,881;121,3
110,277;-7,879;120,6
110,277;-7,877;117,7
110,277;-7,875;116
110,277;-7,873;117,3
110,277;-7,871;119,9
110,277;-7,869;121,3
110,277;-7,867;123,2
110,277;-7,865;123,6
110,277;-7,863;121,8
110,277;-7,861;121,4
110,277;-7,859;120,6
110,277;-7,857;122,3
110,277;-7,855;121
110,277;-7,853;118,8
110,277;-7,851;120,1
110,277;-7,849;122,4
110,277;-7,847;123,6
110,279;-7,975;107,8
110,279;-7,973;107,9
110,279;-7,971;107,7
110,279;-7,969;107,5
110,279;-7,967;108
110,279;-7,965;107,5
110,279;-7,963;107,8
110,279;-7,961;107,6
110,279;-7,959;107,8
110,279;-7,957;107,4
110,279;-7,955;107,8
110,279;-7,953;107,1
110,279;-7,951;107,7
110,279;-7,949;108,8
110,279;-7,947;110,1
110,279;-7,945;110,4
110,279;-7,943;109,8
110,279;-7,941;110,3
110,279;-7,939;109,9
110,279;-7,937;108,8
110,279;-7,935;108,6
110,279;-7,933;109
110,279;-7,931;108,6
110,279;-7,929;109,2
110,279;-7,927;109,9
110,279;-7,925;109,3
110,279;-7,923;109,4
110,279;-7,921;110
110,279;-7,919;110,6
110,279;-7,917;111
110,279;-7,915;111
110,279;-7,913;111,3
110,279;-7,911;111,7
110,279;-7,909;111,6
110,279;-7,907;112,6
110,279;-7,905;112,9
110,279;-7,903;113,1
110,279;-7,901;113,5
110,279;-7,899;113,7
110,279;-7,897;113,7
110,279;-7,895;113,9
110,279;-7,893;114,3
110,279;-7,891;114,7
110,279;-7,889;117
110,279;-7,887;118,8
110,279;-7,885;120,6
110,279;-7,883;121,3
110,279;-7,881;122
110,279;-7,879;121,2
110,279;-7,877;119,3
110,279;-7,875;117,5
110,279;-7,873;116,6
110,279;-7,871;119,9
110,279;-7,869;122,7
110,279;-7,867;122,8
110,279;-7,865;123,5
110,279;-7,863;122,4
110,279;-7,861;122,9
110,279;-7,859;122,8
110,279;-7,857;124,3
110,279;-7,855;123,2
110,279;-7,853;120,1
110,279;-7,851;119,9
110,279;-7,849;120,3
110,279;-7,847;121,3
110,281;-7,975;108
110,281;-7,973;108,2
110,281;-7,971;108,6
110,281;-7,969;108
110,281;-7,967;108,2
110,281;-7,965;108
110,281;-7,963;107,6
110,281;-7,961;107,5
110,281;-7,959;107,7
110,281;-7,957;107,2
110,281;-7,955;107,5
110,281;-7,953;107,6
110,281;-7,951;108
110,281;-7,949;109,1
110,281;-7,947;110,9
110,281;-7,945;110,5
110,281;-7,943;111,5
110,281;-7,941;110,3
110,281;-7,939;109,5
110,281;-7,937;110
110,281;-7,935;109,8
110,281;-7,933;109,3
110,281;-7,931;108,9
110,281;-7,929;109,8
110,281;-7,927;110,4
110,281;-7,925;109,7
110,281;-7,923;109,6
110,281;-7,921;109,8
110,281;-7,919;110,1
110,281;-7,917;110,5
110,281;-7,915;110,5
110,281;-7,913;110,9
110,281;-7,911;111,2
110,281;-7,909;111,4
110,281;-7,907;112,6
110,281;-7,905;113,1
110,281;-7,903;113,4
110,281;-7,901;113,4
110,281;-7,899;112,9
110,281;-7,897;113,1
110,281;-7,895;113,1
110,281;-7,893;114,2
110,281;-7,891;114,6
110,281;-7,889;115,4
110,281;-7,887;117,1
110,281;-7,885;119,3
110,281;-7,883;120
110,281;-7,881;121,3
110,281;-7,879;121,7
110,281;-7,877;120,9
110,281;-7,875;119,6
110,281;-7,873;118,4
110,281;-7,871;117,6
110,281;-7,869;120
110,281;-7,867;123
110,281;-7,865;122,9
110,281;-7,863;123,7
110,281;-7,861;124,3
110,281;-7,859;124,3
110,281;-7,857;124,9
110,281;-7,855;124,3
110,281;-7,853;123,1
110,281;-7,851;122
110,281;-7,849;122,2
110,281;-7,847;120,7
110,283;-7,975;108,2
110,283;-7,973;108,4
110,283;-7,971;108,9
110,283;-7,969;108,5
110,283;-7,967;108,3
110,283;-7,965;107,5
110,283;-7,963;107,1
110,283;-7,961;107,3
110,283;-7,959;107
110,283;-7,957;107,1
110,283;-7,955;106,9
110,283;-7,953;108,3
110,283;-7,951;108,9
110,283;-7,949;109,2
110,283;-7,947;110,2
110,283;-7,945;111
110,283;-7,943;111,6
110,283;-7,941;111,6
110,283;-7,939;111,2
110,283;-7,937;111,7
110,283;-7,935;111,3
110,283;-7,933;110
110,283;-7,931;109,4
110,283;-7,929;109,9
110,283;-7,927;109,8
110,283;-7,925;109,4
110,283;-7,923;109,7
110,283;-7,921;109,9
110,283;-7,919;110,2
110,283;-7,917;110,2
110,283;-7,915;110,9
110,283;-7,913;111,2
110,283;-7,911;111,2
110,283;-7,909;112,1
110,283;-7,907;112,6
110,283;-7,905;112,8
110,283;-7,903;113
110,283;-7,901;113,4
110,283;-7,899;112,9
110,283;-7,897;113
110,283;-7,895;113,4
110,283;-7,893;113,9
110,283;-7,891;114,3
110,283;-7,889;114,6
110,283;-7,887;116,2
110,283;-7,885;118,6
110,283;-7,883;120,1
110,283;-7,881;121,5
110,283;-7,879;122,8
110,283;-7,877;122,4
110,283;-7,875;121,8
110,283;-7,873;121,6
110,283;-7,871;119,4
110,283;-7,869;118
110,283;-7,867;121,3
110,283;-7,865;123,3
110,283;-7,863;122,4
110,283;-7,861;123,9
110,283;-7,859;125
110,283;-7,857;125,9
110,283;-7,855;126,2
110,283;-7,853;125,7
110,283;-7,851;125
110,283;-7,849;124,5
110,283;-7,847;123,2
110,285;-7,975;108,5
110,285;-7,973;108,6
110,285;-7,971;108,4
110,285;-7,969;108,1
110,285;-7,967;108,2
110,285;-7,965;107,5
110,285;-7,963;107,4
110,285;-7,961;107,6
110,285;-7,959;107,4
110,285;-7,957;107,6
110,285;-7,955;107,1
110,285;-7,953;107,8
110,285;-7,951;109,1
110,285;-7,949;109,7
110,285;-7,947;109,2
110,285;-7,945;109,3
110,285;-7,943;109,9
110,285;-7,941;110,9
110,285;-7,939;112,3
110,285;-7,937;113
110,285;-7,935;113
110,285;-7,933;110,7
110,285;-7,931;110,5
110,285;-7,929;110,5
110,285;-7,927;109,4
110,285;-7,925;109,3
110,285;-7,923;109,7
110,285;-7,921;110,1
110,285;-7,919;110,5
110,285;-7,917;110,7
110,285;-7,915;111
110,285;-7,913;111,4
110,285;-7,911;111,2
110,285;-7,909;111,7
110,285;-7,907;112,6
110,285;-7,905;112,5
110,285;-7,903;113,3
110,285;-7,901;113,2
110,285;-7,899;113,3
110,285;-7,897;113
110,285;-7,895;113,6
110,285;-7,893;113,9
110,285;-7,891;114,2
110,285;-7,889;116,9
110,285;-7,887;117,4
110,285;-7,885;119
110,285;-7,883;121,8
110,285;-7,881;121,3
110,285;-7,879;122,4
110,285;-7,877;124,3
110,285;-7,875;122,9
110,285;-7,873;122,4
110,285;-7,871;122,6
110,285;-7,869;119,7
110,285;-7,867;119,1
110,285;-7,865;122,2
110,285;-7,863;119,5
110,285;-7,861;120,5
110,285;-7,859;124,2
110,285;-7,857;125,3
110,285;-7,855;125
110,285;-7,853;125,9
110,285;-7,851;126,6
110,285;-7,849;126,9
110,285;-7,847;127
110,287;-7,975;109
110,287;-7,973;108,7
110,287;-7,971;108
110,287;-7,969;107,7
110,287;-7,967;107,8
110,287;-7,965;107,6
110,287;-7,963;107,3
110,287;-7,961;107,7
110,287;-7,959;108
110,287;-7,957;108,2
110,287;-7,955;107,3
110,287;-7,953;108
110,287;-7,951;108
110,287;-7,949;108,4
110,287;-7,947;108,8
110,287;-7,945;109,4
110,287;-7,943;109,9
110,287;-7,941;110,3
110,287;-7,939;111,4
110,287;-7,937;112
110,287;-7,935;112,9
110,287;-7,933;112,2
110,287;-7,931;111,4
110,287;-7,929;110,6
110,287;-7,927;109,8
110,287;-7,925;109,5
110,287;-7,923;109,7
110,287;-7,921;110,3
110,287;-7,919;111,2
110,287;-7,917;111,3
110,287;-7,915;111
110,287;-7,913;111,7
110,287;-7,911;111,7
110,287;-7,909;111,7
110,287;-7,907;111,9
110,287;-7,905;112
110,287;-7,903;112,8
110,287;-7,901;112,5
110,287;-7,899;112,8
110,287;-7,897;113,3
110,287;-7,895;113,5
110,287;-7,893;114,5
110,287;-7,891;115,9
110,287;-7,889;119,3
110,287;-7,887;119,6
110,287;-7,885;120,2
110,287;-7,883;122,4
110,287;-7,881;122,7
110,287;-7,879;122,2
110,287;-7,877;124,1
110,287;-7,875;123,7
110,287;-7,873;123,1
110,287;-7,871;123,7
110,287;-7,869;122,3
110,287;-7,867;120,9
110,287;-7,865;121,5
110,287;-7,863;123,9
110,287;-7,861;122,3
110,287;-7,859;122,5
110,287;-7,857;124
110,287;-7,855;125,4
110,287;-7,853;126,9
110,287;-7,851;127,7
110,287;-7,849;128,1
110,287;-7,847;128,8
110,289;-7,975;109,1
110,289;-7,973;108,9
110,289;-7,971;108,6
110,289;-7,969;108
110,289;-7,967;108,3
110,289;-7,965;108,2
110,289;-7,963;107,6
110,289;-7,961;107,6
110,289;-7,959;107,3
110,289;-7,957;108,2
110,289;-7,955;108,2
110,289;-7,953;108
110,289;-7,951;108,3
110,289;-7,949;108,5
110,289;-7,947;109,4
110,289;-7,945;110,8
110,289;-7,943;110,7
110,289;-7,941;111,4
110,289;-7,939;112,4
110,289;-7,937;113
110,289;-7,935;113,3
110,289;-7,933;114,1
110,289;-7,931;113,3
110,289;-7,929;111,1
110,289;-7,927;110,3
110,289;-7,925;110,1
110,289;-7,923;109,7
110,289;-7,921;110,4
110,289;-7,919;111,8
110,289;-7,917;112
110,289;-7,915;111,2
110,289;-7,913;111,4
110,289;-7,911;111,7
110,289;-7,909;112,1
110,289;-7,907;111,8
110,289;-7,905;112,4
110,289;-7,903;112,8
110,289;-7,901;112,7
110,289;-7,899;113,3
110,289;-7,897;113,2
110,289;-7,895;113,5
110,289;-7,893;114,5
110,289;-7,891;117,4
110,289;-7,889;120,3
110,289;-7,887;120,9
110,289;-7,885;121,5
110,289;-7,883;122,7
110,289;-7,881;123,3
110,289;-7,879;122,9
110,289;-7,877;124,1
110,289;-7,875;124,8
110,289;-7,873;124,3
110,289;-7,871;123
110,289;-7,869;121,9
110,289;-7,867;124
110,289;-7,865;124,7
110,289;-7,863;124,6
110,289;-7,861;125,2
110,289;-7,859;123,7
110,289;-7,857;125,1
110,289;-7,855;124,2
110,289;-7,853;125,7
110,289;-7,851;127,4
110,289;-7,849;128,3
110,289;-7,847;127,7
110,291;-7,975;108,8
110,291;-7,973;108,2
110,291;-7,971;108,2
110,291;-7,969;108,8
110,291;-7,967;108,5
110,291;-7,965;108,2
110,291;-7,963;108,3
110,291;-7,961;108
110,291;-7,959;107,5
110,291;-7,957;107,5
110,291;-7,955;108,3
110,291;-7,953;108,5
110,291;-7,951;108,4
110,291;-7,949;108,4
110,291;-7,947;109,5
110,291;-7,945;110,8
110,291;-7,943;112,2
110,291;-7,941;112
110,291;-7,939;112,9
110,291;-7,937;113,4
110,291;-7,935;112,8
110,291;-7,933;113,6
110,291;-7,931;113,2
110,291;-7,929;111,5
110,291;-7,927;110,6
110,291;-7,925;110,9
110,291;-7,923;110,8
110,291;-7,921;111,1
110,291;-7,919;112,5
110,291;-7,917;112,3
110,291;-7,915;111,9
110,291;-7,913;111,7
110,291;-7,911;112
110,291;-7,909;112,2
110,291;-7,907;112,6
110,291;-7,905;112,4
110,291;-7,903;112,6
110,291;-7,901;113,1
110,291;-7,899;113,9
110,291;-7,897;113,7
110,291;-7,895;114,2
110,291;-7,893;114
110,291;-7,891;115,1
110,291;-7,889;120,9
110,291;-7,887;121,4
110,291;-7,885;121,6
110,291;-7,883;122,7
110,291;-7,881;123,6
110,291;-7,879;124,2
110,291;-7,877;124,3
110,291;-7,875;125,1
110,291;-7,873;125,2
110,291;-7,871;123,5
110,291;-7,869;122,8
110,291;-7,867;123,3
110,291;-7,865;123,9
110,291;-7,863;125,1
110,291;-7,861;125,8
110,291;-7,859;126,2
110,291;-7,857;125,3
110,291;-7,855;125
110,291;-7,853;126,4
110,291;-7,851;127,1
110,291;-7,849;126,5
110,291;-7,847;128,5
110,293;-7,975;108,5
110,293;-7,973;108
110,293;-7,971;108,2
110,293;-7,969;108,2
110,293;-7,967;107,7
110,293;-7,965;108,3
110,293;-7,963;108,5
110,293;-7,961;108,4
110,293;-7,959;108,3
110,293;-7,957;107,5
110,293;-7,955;107,7
110,293;-7,953;108,4
110,293;-7,951;107,9
110,293;-7,949;108,8
110,293;-7,947;108,3
110,293;-7,945;109,3
110,293;-7,943;109,6
110,293;-7,941;112,3
110,293;-7,939;113,2
110,293;-7,937;112,1
110,293;-7,935;112,3
110,293;-7,933;113,5
110,293;-7,931;113,9
110,293;-7,929;112,3
110,293;-7,927;111,3
110,293;-7,925;111,5
110,293;-7,923;112,2
110,293;-7,921;111,3
110,293;-7,919;110,5
110,293;-7,917;111,7
110,293;-7,915;111,8
110,293;-7,913;111,9
110,293;-7,911;112,1
110,293;-7,909;111,9
110,293;-7,907;112,6
110,293;-7,905;113,1
110,293;-7,903;113,2
110,293;-7,901;113,4
110,293;-7,899;113,4
110,293;-7,897;113,7
110,293;-7,895;114,4
110,293;-7,893;114,4
110,293;-7,891;116,3
110,293;-7,889;121,9
110,293;-7,887;122,3
110,293;-7,885;121,6
110,293;-7,883;121,7
110,293;-7,881;122,5
110,293;-7,879;124,3
110,293;-7,877;124,9
110,293;-7,875;124,9
110,293;-7,873;125
110,293;-7,871;124,5
110,293;-7,869;124
110,293;-7,867;124,2
110,293;-7,865;125,1
110,293;-7,863;125
110,293;-7,861;126,2
110,293;-7,859;126,7
110,293;-7,857;127,2
110,293;-7,855;126,2
110,293;-7,853;124,8
110,293;-7,851;126,6
110,293;-7,849;128,2
110,293;-7,847;126,4
110,295;-7,975;109,4
110,295;-7,973;108,8
110,295;-7,971;108,3
110,295;-7,969;108
110,295;-7,967;108,6
110,295;-7,965;108,4
110,295;-7,963;108,1
110,295;-7,961;108,6
110,295;-7,959;108,4
110,295;-7,957;108,2
110,295;-7,955;108,1
110,295;-7,953;108,5
110,295;-7,951;108,2
110,295;-7,949;108
110,295;-7,947;108,4
110,295;-7,945;108,7
110,295;-7,943;108,6
110,295;-7,941;110,3
110,295;-7,939;111
110,295;-7,937;109,5
110,295;-7,935;109,3
110,295;-7,933;110,2
110,295;-7,931;110,7
110,295;-7,929;112,1
110,295;-7,927;112,2
110,295;-7,925;111,3
110,295;-7,923;111
110,295;-7,921;110,7
110,295;-7,919;110,6
110,295;-7,917;111,5
110,295;-7,915;111,9
110,295;-7,913;111,7
110,295;-7,911;112,2
110,295;-7,909;112,4
110,295;-7,907;112,1
110,295;-7,905;112,7
110,295;-7,903;113,4
110,295;-7,901;113,5
110,295;-7,899;113,3
110,295;-7,897;114,1
110,295;-7,895;114,3
110,295;-7,893;115
110,295;-7,891;116,7
110,295;-7,889;121,7
110,295;-7,887;121,9
110,295;-7,885;122,7
110,295;-7,883;122,8
110,295;-7,881;122,7
110,295;-7,879;123,4
110,295;-7,877;123,8
110,295;-7,875;123,9
110,295;-7,873;125
110,295;-7,871;125,8
110,295;-7,869;124,4
110,295;-7,867;123,5
110,295;-7,865;124,7
110,295;-7,863;125,8
110,295;-7,861;125,9
110,295;-7,859;126,8
110,295;-7,857;128
110,295;-7,855;127,3
110,295;-7,853;127,5
110,295;-7,851;126,2
110,295;-7,849;128,5
110,295;-7,847;128,5
110,297;-7,975;109,2
110,297;-7,973;108,8
110,297;-7,971;108,2
110,297;-7,969;108,1
110,297;-7,967;108,4
110,297;-7,965;108,3
110,297;-7,963;108
110,297;-7,961;108
110,297;-7,959;108,6
110,297;-7,957;108,3
110,297;-7,955;108,3
110,297;-7,953;108,7
110,297;-7,951;108,2
110,297;-7,949;108,1
110,297;-7,947;108,4
110,297;-7,945;108,5
110,297;-7,943;108,8
110,297;-7,941;108,8
110,297;-7,939;109,3
110,297;-7,937;108,8
110,297;-7,935;108,5
110,297;-7,933;108,7
110,297;-7,931;109,6
110,297;-7,929;110
110,297;-7,927;110,3
110,297;-7,925;111,6
110,297;-7,923;112,3
110,297;-7,921;111,8
110,297;-7,919;111,3
110,297;-7,917;111,2
110,297;-7,915;111,8
110,297;-7,913;111,8
110,297;-7,911;112,1
110,297;-7,909;112,3
110,297;-7,907;112,2
110,297;-7,905;112,7
110,297;-7,903;113,1
110,297;-7,901;113,5
110,297;-7,899;113,6
110,297;-7,897;114,3
110,297;-7,895;115
110,297;-7,893;114,4
110,297;-7,891;116,8
110,297;-7,889;120,5
110,297;-7,887;122,2
110,297;-7,885;123,8
110,297;-7,883;123,8
110,297;-7,881;122,9
110,297;-7,879;122,7
110,297;-7,877;123,2
110,297;-7,875;123,9
110,297;-7,873;124,5
110,297;-7,871;125,5
110,297;-7,869;124,9
110,297;-7,867;124
110,297;-7,865;125
110,297;-7,863;125,9
110,297;-7,861;126,7
110,297;-7,859;126,5
110,297;-7,857;127,9
110,297;-7,855;128,8
110,297;-7,853;128,2
110,297;-7,851;127,2
110,297;-7,849;127,7
110,297;-7,847;126,3
110,299;-7,975;108,7
110,299;-7,973;108,9
110,299;-7,971;108,5
110,299;-7,969;108,4
110,299;-7,967;108,6
110,299;-7,965;108,7
110,299;-7,963;108,5
110,299;-7,961;108,1
110,299;-7,959;107,8
110,299;-7,957;108,2
110,299;-7,955;107,8
110,299;-7,953;108,8
110,299;-7,951;108,7
110,299;-7,949;108,5
110,299;-7,947;108,6
110,299;-7,945;108,4
110,299;-7,943;108,6
110,299;-7,941;108,8
110,299;-7,939;109,1
110,299;-7,937;108,9
110,299;-7,935;108,9
110,299;-7,933;109,7
110,299;-7,931;110
110,299;-7,929;109,7
110,299;-7,927;109,5
110,299;-7,925;110,1
110,299;-7,923;112,4
110,299;-7,921;113,4
110,299;-7,919;111,8
110,299;-7,917;111,3
110,299;-7,915;111,3
110,299;-7,913;111,7
110,299;-7,911;112
110,299;-7,909;112
110,299;-7,907;112,5
110,299;-7,905;112,9
110,299;-7,903;113
110,299;-7,901;113,8
110,299;-7,899;114,1
110,299;-7,897;114,3
110,299;-7,895;114,7
110,299;-7,893;114,8
110,299;-7,891;115
110,299;-7,889;115,9
110,299;-7,887;120,3
110,299;-7,885;122,1
110,299;-7,883;123,3
110,299;-7,881;122,8
110,299;-7,879;123,4
110,299;-7,877;123,9
110,299;-7,875;124,3
110,299;-7,873;125,3
110,299;-7,871;125
110,299;-7,869;124,5
110,299;-7,867;124
110,299;-7,865;124,6
110,299;-7,863;125,6
110,299;-7,861;126,6
110,299;-7,859;127,6
110,299;-7,857;126,6
110,299;-7,855;127,8
110,299;-7,853;129,1
110,299;-7,851;128,4
110,299;-7,849;127,3
110,299;-7,847;124,4
110,301;-7,975;108,6
110,301;-7,973;109
110,301;-7,971;108,9
110,301;-7,969;108,8
110,301;-7,967;108,6
110,301;-7,965;108,1
110,301;-7,963;108
110,301;-7,961;108,3
110,301;-7,959;108
110,301;-7,957;108
110,301;-7,955;108,1
110,301;-7,953;108,2
110,301;-7,951;108,3
110,301;-7,949;108,9
110,301;-7,947;108,9
110,301;-7,945;109
110,301;-7,943;108,9
110,301;-7,941;108,7
110,301;-7,939;108,8
110,301;-7,937;108,8
110,301;-7,935;109,7
110,301;-7,933;109,9
110,301;-7,931;109,8
110,301;-7,929;109,7
110,301;-7,927;109,9
110,301;-7,925;111,3
110,301;-7,923;112,5
110,301;-7,921;112,1
110,301;-7,919;112,5
110,301;-7,917;112,4
110,301;-7,915;111,8
110,301;-7,913;111,7
110,301;-7,911;111,9
110,301;-7,909;112,4
110,301;-7,907;112,3
110,301;-7,905;112,8
110,301;-7,903;113,6
110,301;-7,901;113,7
110,301;-7,899;114
110,301;-7,897;114,2
110,301;-7,895;114,7
110,301;-7,893;115
110,301;-7,891;115,1
110,301;-7,889;115,2
110,301;-7,887;115,4
110,301;-7,885;117,2
110,301;-7,883;121,7
110,301;-7,881;123,1
110,301;-7,879;123,4
110,301;-7,877;123,9
110,301;-7,875;124,2
110,301;-7,873;125,4
110,301;-7,871;126
110,301;-7,869;125
110,301;-7,867;124,2
110,301;-7,865;124,4
110,301;-7,863;125,2
110,301;-7,861;126,9
110,301;-7,859;127,8
110,301;-7,857;127,8
110,301;-7,855;128,3
110,301;-7,853;128,8
110,301;-7,851;127,1
110,301;-7,849;126,2
110,301;-7,847;125
110,303;-7,975;108,6
110,303;-7,973;108,5
110,303;-7,971;108,5
110,303;-7,969;108,6
110,303;-7,967;108,8
110,303;-7,965;108,8
110,303;-7,963;108,5
110,303;-7,961;108,9
110,303;-7,959;108,7
110,303;-7,957;108,7
110,303;-7,955;108,2
110,303;-7,953;108,1
110,303;-7,951;108,3
110,303;-7,949;108,9
110,303;-7,947;109
110,303;-7,945;109,3
110,303;-7,943;109,5
110,303;-7,941;109,3
110,303;-7,939;108,6
110,303;-7,937;108,9
110,303;-7,935;109
110,303;-7,933;110
110,303;-7,931;109,9
110,303;-7,929;109,6
110,303;-7,927;110
110,303;-7,925;110,2
110,303;-7,923;110,4
110,303;-7,921;110,6
110,303;-7,919;111,2
110,303;-7,917;112
110,303;-7,915;112,2
110,303;-7,913;111,3
110,303;-7,911;112,5
110,303;-7,909;113
110,303;-7,907;112,6
110,303;-7,905;112,6
110,303;-7,903;112,9
110,303;-7,901;114,4
110,303;-7,899;114,1
110,303;-7,897;114,4
110,303;-7,895;114,7
110,303;-7,893;114,9
110,303;-7,891;115,3
110,303;-7,889;115,5
110,303;-7,887;115
110,303;-7,885;115,6
110,303;-7,883;118,3
110,303;-7,881;120,5
110,303;-7,879;121,9
110,303;-7,877;123,3
110,303;-7,875;124,4
110,303;-7,873;126
110,303;-7,871;126,3
110,303;-7,869;124,9
110,303;-7,867;124
110,303;-7,865;124,2
110,303;-7,863;125,3
110,303;-7,861;125,8
110,303;-7,859;126
110,303;-7,857;127,3
110,303;-7,855;127,9
110,303;-7,853;126,4
110,303;-7,851;124,3
110,303;-7,849;121,8
110,303;-7,847;122,9
110,305;-7,975;109,2
110,305;-7,973;108,8
110,305;-7,971;108,5
110,305;-7,969;108,5
110,305;-7,967;108,7
110,305;-7,965;109
110,305;-7,963;108,8
110,305;-7,961;108,5
110,305;-7,959;108,7
110,305;-7,957;108,7
110,305;-7,955;108,8
110,305;-7,953;109,2
110,305;-7,951;109,1
110,305;-7,949;109,3
110,305;-7,947;109,2
110,305;-7,945;109,4
110,305;-7,943;109,5
110,305;-7,941;109,6
110,305;-7,939;109,4
110,305;-7,937;109,7
110,305;-7,935;109,3
110,305;-7,933;109,6
110,305;-7,931;110
110,305;-7,929;109,9
110,305;-7,927;109,9
110,305;-7,925;110,1
110,305;-7,923;110,3
110,305;-7,921;110,9
110,305;-7,919;111,3
110,305;-7,917;111
110,305;-7,915;111,4
110,305;-7,913;111,7
110,305;-7,911;112,6
110,305;-7,909;113,2
110,305;-7,907;113,2
110,305;-7,905;112,9
110,305;-7,903;113
110,305;-7,901;113,5
110,305;-7,899;114,4
110,305;-7,897;114,3
110,305;-7,895;115,4
110,305;-7,893;115,7
110,305;-7,891;114,7
110,305;-7,889;114,7
110,305;-7,887;115,4
110,305;-7,885;115,7
110,305;-7,883;115,5
110,305;-7,881;118,2
110,305;-7,879;120,8
110,305;-7,877;121,8
110,305;-7,875;123
110,305;-7,873;123,9
110,305;-7,871;123,9
110,305;-7,869;123,9
110,305;-7,867;125
110,305;-7,865;125,1
110,305;-7,863;125,1
110,305;-7,861;125,6
110,305;-7,859;126,8
110,305;-7,857;127,4
110,305;-7,855;127,2
110,305;-7,853;127
110,305;-7,851;126,6
110,305;-7,849;124
110,305;-7,847;121,6
110,307;-7,975;109,3
110,307;-7,973;108,8
110,307;-7,971;108,5
110,307;-7,969;108,5
110,307;-7,967;108,3
110,307;-7,965;108,3
110,307;-7,963;108,7
110,307;-7,961;108,7
110,307;-7,959;108,4
110,307;-7,957;108,8
110,307;-7,955;109
110,307;-7,953;109,5
110,307;-7,951;108,6
110,307;-7,949;108,3
110,307;-7,947;109,1
110,307;-7,945;109,2
110,307;-7,943;109,4
110,307;-7,941;109,2
110,307;-7,939;109,1
110,307;-7,937;110
110,307;-7,935;110,2
110,307;-7,933;110,1
110,307;-7,931;110,5
110,307;-7,929;110,5
110,307;-7,927;110,8
110,307;-7,925;110,9
110,307;-7,923;110,7
110,307;-7,921;111,4
110,307;-7,919;111,3
110,307;-7,917;110,8
110,307;-7,915;111,7
110,307;-7,913;112,4
110,307;-7,911;112,3
110,307;-7,909;112,5
110,307;-7,907;112,5
110,307;-7,905;112,9
110,307;-7,903;113
110,307;-7,901;113,5
110,307;-7,899;113,7
110,307;-7,897;114,4
110,307;-7,895;114,7
110,307;-7,893;115,3
110,307;-7,891;115,9
110,307;-7,889;115
110,307;-7,887;115,1
110,307;-7,885;115,9
110,307;-7,883;115,9
110,307;-7,881;116,8
110,307;-7,879;118,4
110,307;-7,877;120,1
110,307;-7,875;122,3
110,307;-7,873;123,4
110,307;-7,871;122,5
110,307;-7,869;123,2
110,307;-7,867;124,8
110,307;-7,865;125
110,307;-7,863;126,1
110,307;-7,861;125,9
110,307;-7,859;125,6
110,307;-7,857;126,2
110,307;-7,855;125,9
110,307;-7,853;126,9
110,307;-7,851;127,1
110,307;-7,849;125,3
110,307;-7,847;121,6
110,309;-7,975;108,9
110,309;-7,973;108,4
110,309;-7,971;108,5
110,309;-7,969;108,9
110,309;-7,967;108,8
110,309;-7,965;108,9
110,309;-7,963;108,6
110,309;-7,961;108,4
110,309;-7,959;108,6
110,309;-7,957;108,9
110,309;-7,955;108,1
110,309;-7,953;108,3
110,309;-7,951;108,2
110,309;-7,949;109
110,309;-7,947;108,9
110,309;-7,945;108,8
110,309;-7,943;108,8
110,309;-7,941;108,9
110,309;-7,939;109,7
110,309;-7,937;109,7
110,309;-7,935;109,6
110,309;-7,933;109,6
110,309;-7,931;109,7
110,309;-7,929;109,9
110,309;-7,927;110,7
110,309;-7,925;111,2
110,309;-7,923;111,2
110,309;-7,921;111,6
110,309;-7,919;111,8
110,309;-7,917;112
110,309;-7,915;112,2
110,309;-7,913;112,5
110,309;-7,911;112,9
110,309;-7,909;113,1
110,309;-7,907;113,2
110,309;-7,905;112,8
110,309;-7,903;113,3
110,309;-7,901;113,9
110,309;-7,899;113,6
110,309;-7,897;114,2
110,309;-7,895;114,9
110,309;-7,893;115,3
110,309;-7,891;115
110,309;-7,889;115,6
110,309;-7,887;115,9
110,309;-7,885;116,2
110,309;-7,883;116,4
110,309;-7,881;116,5
110,309;-7,879;118,9
110,309;-7,877;120,9
110,309;-7,875;122,2
110,309;-7,873;122,2
110,309;-7,871;121,7
110,309;-7,869;122,8
110,309;-7,867;123,5
110,309;-7,865;124,2
110,309;-7,863;125,5
110,309;-7,861;124,5
110,309;-7,859;124,1
110,309;-7,857;125,1
110,309;-7,855;125,5
110,309;-7,853;127,2
110,309;-7,851;127,4
110,309;-7,849;125,5
110,309;-7,847;121,3
110,311;-7,975;109,3
110,311;-7,973;109,4
110,311;-7,971;109,2
110,311;-7,969;108,7
110,311;-7,967;108,9
110,311;-7,965;108,7
110,311;-7,963;108,3
110,311;-7,961;108,6
110,311;-7,959;108,6
110,311;-7,957;108,8
110,311;-7,955;108,6
110,311;-7,953;108,1
110,311;-7,951;108,8
110,311;-7,949;109
110,311;-7,947;109,3
110,311;-7,945;108,9
110,311;-7,943;109
110,311;-7,941;109,2
110,311;-7,939;109,3
110,311;-7,937;109,4
110,311;-7,935;109,1
110,311;-7,933;109,3
110,311;-7,931;109,6
110,311;-7,929;110
110,311;-7,927;110,2
110,311;-7,925;110,6
110,311;-7,923;111,4
110,311;-7,921;111,7
110,311;-7,919;111,8
110,311;-7,917;111,8
110,311;-7,915;112,2
110,311;-7,913;112,4
110,311;-7,911;112,9
110,311;-7,909;113,1
110,311;-7,907;113,3
110,311;-7,905;113,4
110,311;-7,903;113,7
110,311;-7,901;114,3
110,311;-7,899;114,4
110,311;-7,897;114,6
110,311;-7,895;115,1
110,311;-7,893;115,1
110,311;-7,891;115,3
110,311;-7,889;115,2
110,311;-7,887;115,5
110,311;-7,885;115,8
110,311;-7,883;116,5
110,311;-7,881;116,6
110,311;-7,879;117,6
110,311;-7,877;119,4
110,311;-7,875;121,1
110,311;-7,873;120,9
110,311;-7,871;120,2
110,311;-7,869;122
110,311;-7,867;123
110,311;-7,865;123,9
110,311;-7,863;123,6
110,311;-7,861;123,2
110,311;-7,859;123,7
110,311;-7,857;124,7
110,311;-7,855;125,6
110,311;-7,853;126,2
110,311;-7,851;123,8
110,311;-7,849;122
110,311;-7,847;120,4
110,313;-7,975;109,4
110,313;-7,973;109,4
110,313;-7,971;109,3
110,313;-7,969;108,9
110,313;-7,967;108,8
110,313;-7,965;108,6
110,313;-7,963;108,6
110,313;-7,961;108,4
110,313;-7,959;108,4
110,313;-7,957;108,3
110,313;-7,955;108,2
110,313;-7,953;108,6
110,313;-7,951;109,1
110,313;-7,949;109
110,313;-7,947;109,3
110,313;-7,945;109,6
110,313;-7,943;109,7
110,313;-7,941;110
110,313;-7,939;109,9
110,313;-7,937;109,9
110,313;-7,935;110,1
110,313;-7,933;110,4
110,313;-7,931;110,4
110,313;-7,929;110,2
110,313;-7,927;110,2
110,313;-7,925;110,4
110,313;-7,923;110,8
110,313;-7,921;111,1
110,313;-7,919;111,2
110,313;-7,917;111,4
110,313;-7,915;112
110,313;-7,913;112,3
110,313;-7,911;112,6
110,313;-7,909;113
110,313;-7,907;112,8
110,313;-7,905;113,4
110,313;-7,903;113,4
110,313;-7,901;113,8
110,313;-7,899;113,9
110,313;-7,897;114,5
110,313;-7,895;115
110,313;-7,893;114,7
110,313;-7,891;114,8
110,313;-7,889;115,1
110,313;-7,887;115,6
110,313;-7,885;115,9
110,313;-7,883;116,2
110,313;-7,881;116,7
110,313;-7,879;116,6
110,313;-7,877;119
110,313;-7,875;120,4
110,313;-7,873;119,3
110,313;-7,871;120,6
110,313;-7,869;121,6
110,313;-7,867;122
110,313;-7,865;122,8
110,313;-7,863;121,5
110,313;-7,861;122,3
110,313;-7,859;123,5
110,313;-7,857;124,4
110,313;-7,855;125,3
110,313;-7,853;124,1
110,313;-7,851;120,6
110,313;-7,849;120,3
110,313;-7,847;119,9
110,315;-7,975;109,4
110,315;-7,973;109,6
110,315;-7,971;109
110,315;-7,969;108,6
110,315;-7,967;108,4
110,315;-7,965;108,3
110,315;-7,963;108,3
110,315;-7,961;108,4
110,315;-7,959;109
110,315;-7,957;108,5
110,315;-7,955;108,7
110,315;-7,953;109
110,315;-7,951;109,4
110,315;-7,949;108,9
110,315;-7,947;108,7
110,315;-7,945;109
110,315;-7,943;108,9
110,315;-7,941;109,3
110,315;-7,939;109,3
110,315;-7,937;110,1
110,315;-7,935;110,1
110,315;-7,933;110
110,315;-7,931;110,5
110,315;-7,929;110,1
110,315;-7,927;110,1
110,315;-7,925;110,3
110,315;-7,923;110,7
110,315;-7,921;111,5
110,315;-7,919;111,4
110,315;-7,917;111,5
110,315;-7,915;111,8
110,315;-7,913;112,4
110,315;-7,911;112,9
110,315;-7,909;113,1
110,315;-7,907;112,8
110,315;-7,905;113,1
110,315;-7,903;113,5
110,315;-7,901;113,8
110,315;-7,899;114
110,315;-7,897;114,1
110,315;-7,895;114,9
110,315;-7,893;114,9
110,315;-7,891;114,6
110,315;-7,889;115
110,315;-7,887;115,8
110,315;-7,885;116,3
110,315;-7,883;116,2
110,315;-7,881;116,7
110,315;-7,879;116,4
110,315;-7,877;117,1
110,315;-7,875;117,5
110,315;-7,873;117,7
110,315;-7,871;119,4
110,315;-7,869;120,6
110,315;-7,867;118,9
110,315;-7,865;117,8
110,315;-7,863;119,2
110,315;-7,861;122,9
110,315;-7,859;123,6
110,315;-7,857;124,8
110,315;-7,855;125,7
110,315;-7,853;124,3
110,315;-7,851;121,3
110,315;-7,849;120
110,315;-7,847;119,5
